Datetime(UTC)	Event	Bracket	Round	Player1	Player2	Player1Score	Player2Score	Player1Chars	Player2Chars
2025-09-14 21:22:53 UTC	UFA 2025	TOP 8	Grand Final	3935651	3757151	3	0	Ed	Blanka
2025-09-14 21:09:53 UTC	UFA 2025	TOP 8	Losers Final	3757151	4143648	3	1	Blanka	Ryu
2025-09-14 20:56:23 UTC	UFA 2025	TOP 8	Losers Semi-Final	4143648	160464	3	0	Ryu	Terry
2025-09-14 20:35:52 UTC	UFA 2025	TOP 8	Winners Final	3935651	3757151	3	1	Ed	Blanka
2025-09-14 20:23:44 UTC	UFA 2025	TOP 8	Losers Quarter-Final	160464	1816209	3	1	Terry	Luke
2025-09-14 20:16:11 UTC	UFA 2025	TOP 8	Winners Semi-Final	3935651	157225	3	2	Ed	Juri
2025-09-14 20:14:24 UTC	UFA 2025	TOP 8	Winners Semi-Final	3757151	160464	3	1	Blanka	Terry
2025-09-14 20:13:00 UTC	UFA 2025	TOP 8	Losers Round 1	1816209	349616	3	2	Luke	A.K.I.
2025-09-14 20:12:41 UTC	UFA 2025	TOP 8	Losers Round 1	4143648	3310490	3	0	Ryu	JP
2025-09-14 20:12:11 UTC	UFA 2025	TOP 8	Losers Quarter-Final	4143648	157225	3	1	Ryu	Juri
2025-09-14 17:24:01 UTC	UFA 2025	TOP 16	Losers Round 2	3310490	2151987	2	1	JP	Ryu
2025-09-14 17:11:44 UTC	UFA 2025	TOP 16	Losers Round 2	4143648	237340	2	0	Ryu	Cammy
2025-09-14 17:03:17 UTC	UFA 2025	TOP 16	Losers Round 2	1816209	2025508	2	1	Luke	JP
2025-09-14 16:52:13 UTC	UFA 2025	TOP 16	Losers Round 2	349616	358562	2	0	A.K.I.	Ken
2025-09-14 16:36:57 UTC	UFA 2025	TOP 16	Losers Round 1	2151987	632437	2	1	Ryu	Guile
2025-09-14 16:23:44 UTC	UFA 2025	TOP 16	Losers Round 1	237340	214100	2	0	Cammy	Terry
2025-09-14 16:13:05 UTC	UFA 2025	TOP 16	Losers Round 1	2025508	699782	2	1	JP	Mai
2025-09-14 15:57:21 UTC	UFA 2025	TOP 16	Losers Round 1	358562	141329	2	0	Ken	Rashid
2025-09-14 15:41:27 UTC	UFA 2025	TOP 16	Winners Quarter-Final	157225	349616	2	0	Juri	A.K.I.
2025-09-14 15:31:53 UTC	UFA 2025	TOP 16	Winners Quarter-Final	3935651	1816209	2	1	Ed	Luke
2025-09-14 15:19:19 UTC	UFA 2025	TOP 16	Winners Quarter-Final	160464	4143648	2	1	Terry	Ryu
2025-09-14 15:09:32 UTC	UFA 2025	TOP 16	Winners Quarter-Final	3757151	3310490	2	0	Blanka	JP
2025-09-14 14:28:06 UTC	UFA 2025	TOP 48	Losers Round 3	632437	1148242	2	1	Guile	Elena
2025-09-14 14:14:53 UTC	UFA 2025	TOP 48	Losers Round 3	2151987	226786	2	1	Ryu	Juri, Mai
2025-09-14 14:02:45 UTC	UFA 2025	TOP 48	Losers Round 3	214100	3285802	2	0	Terry	Lily
2025-09-14 13:54:13 UTC	UFA 2025	TOP 48	Losers Round 3	237340	623395	2	0	Cammy	Chun-Li, Elena
2025-09-14 13:38:18 UTC	UFA 2025	TOP 48	Losers Round 2	226786	2615047	2	0	Juri	Terry
2025-09-14 13:28:36 UTC	UFA 2025	TOP 48	Losers Round 2	1148242	140787	2	0	Elena	Akuma
2025-09-14 13:24:18 UTC	UFA 2025	TOP 48	Losers Round 2	214100	395486	2	0	Terry	Chun-Li
2025-09-14 13:17:32 UTC	UFA 2025	TOP 48	Winners Quarter-Final	349616	632437	2	0	A.K.I.	Guile
2025-09-14 13:16:21 UTC	UFA 2025	TOP 48	Losers Round 2	623395	2441054	2	1	Elena, Kimberly	Ken
2025-09-14 13:07:15 UTC	UFA 2025	TOP 48	Winners Quarter-Final	157225	2151987	2	1	Juri	Dee Jay, Ryu
2025-09-14 12:53:30 UTC	UFA 2025	TOP 48	Winners Quarter-Final	1816209	237340	2	0	Luke	Cammy, Mai
2025-09-14 12:48:50 UTC	UFA 2025	TOP 48	Losers Round 1	214100	3320259	2	1	Terry	Cammy
2025-09-14 12:47:48 UTC	UFA 2025	TOP 48	Winners Quarter-Final	3935651	3285802	2	0	Ed	Lily
2025-09-14 12:47:16 UTC	UFA 2025	TOP 48	Losers Round 1	1148242	404179	2	0	Elena	Manon
2025-09-14 12:46:08 UTC	UFA 2025	TOP 48	Losers Round 1	140787	1286590	2	0	Akuma	A.K.I.
2025-09-14 12:45:11 UTC	UFA 2025	TOP 48	Losers Round 1	395486	4511746	2	1	Chun-Li	Ryu
2025-09-14 12:44:14 UTC	UFA 2025	TOP 48	Losers Round 1	2615047	547837	2	0	Terry	Guile
2025-09-14 12:43:22 UTC	UFA 2025	TOP 48	Losers Round 1	226786	135910	2	0	Mai	Akuma
2025-09-14 12:42:38 UTC	UFA 2025	TOP 48	Losers Round 1	2441054	3578750	2	1	Mai	JP
2025-09-14 12:40:54 UTC	UFA 2025	TOP 48	Losers Round 1	623395	368377	2	0	Chun-Li	E. Honda
2025-09-14 12:21:29 UTC	UFA 2025	TOP 48	Losers Round 3	699782	3705249	2	1	Mai	Ryu
2025-09-14 12:11:37 UTC	UFA 2025	TOP 48	Losers Round 3	2025508	401790	2	0	JP	JP
2025-09-14 12:02:33 UTC	UFA 2025	TOP 48	Losers Round 3	358562	561804	2	1	Ken	Marisa
2025-09-14 11:50:36 UTC	UFA 2025	TOP 48	Losers Round 3	141329	1455289	2	0	Rashid	M. Bison
2025-09-14 11:29:47 UTC	UFA 2025	TOP 48	Losers Round 2	2025508	4295277	2	0	JP	A.K.I.
2025-09-14 11:27:46 UTC	UFA 2025	TOP 48	Losers Round 2	1455289	1940083	2	0	Dee Jay	Ken
2025-09-14 11:25:48 UTC	UFA 2025	TOP 48	Losers Round 2	699782	314715	2	0	Mai	Zangief
2025-09-14 11:06:20 UTC	UFA 2025	TOP 48	Winners Quarter-Final	160464	401790	2	1	Terry	JP
2025-09-14 10:56:51 UTC	UFA 2025	TOP 48	Winners Quarter-Final	4143648	3705249	2	1	Ryu	Ryu
2025-09-14 10:39:11 UTC	UFA 2025	TOP 48	Winners Quarter-Final	3757151	141329	2	1	Blanka	Rashid
2025-09-14 10:31:56 UTC	UFA 2025	TOP 48	Losers Round 1	1455289	148527	2	0	Dee Jay	Ken
2025-09-14 10:26:11 UTC	UFA 2025	TOP 48	Losers Round 2	358562	3942450	2	0	Ken	Cammy
2025-09-14 10:25:48 UTC	UFA 2025	TOP 48	Losers Round 1	1940083	1400025	2	1	Ken	Guile
2025-09-14 10:25:31 UTC	UFA 2025	TOP 48	Winners Quarter-Final	3310490	561804	2	1	JP	Marisa, Rashid
2025-09-14 10:21:28 UTC	UFA 2025	TOP 48	Losers Round 1	4295277	394851	2	1	A.K.I.	Ken
2025-09-14 10:20:34 UTC	UFA 2025	TOP 48	Losers Round 1	314715	417126	2	0	Zangief	Ken
2025-09-14 10:17:47 UTC	UFA 2025	TOP 48	Losers Round 1	2025508	3302352	2	1	JP	Juri
2025-09-14 10:15:41 UTC	UFA 2025	TOP 48	Losers Round 1	3942450	2360463	2	1	Cammy	Mai
2025-09-14 10:14:37 UTC	UFA 2025	TOP 48	Losers Round 1	699782	669621	2	1	Mai	Akuma
2025-09-14 10:13:38 UTC	UFA 2025	TOP 48	Losers Round 1	358562	3640543	2	1	Ken	Kimberly
2025-09-13 16:22:03 UTC	UFA 2025	Pools	Winners Final	157225	4511746	2	0	Juri	Ryu
2025-09-13 16:02:28 UTC	UFA 2025	Pools	Winners Final	561804	699782	2	1	Marisa, Rashid	Mai
2025-09-13 16:01:05 UTC	UFA 2025	Pools	Losers Semi-Final	404179	370586	2	0	N/A	N/A
2025-09-13 15:51:57 UTC	UFA 2025	Pools	Losers Quarter-Final	404179	590571	2	1	N/A	N/A
2025-09-13 15:51:17 UTC	UFA 2025	Pools	Winners Final	4143648	358562	2	1	Ryu	Ken
2025-09-13 15:50:39 UTC	UFA 2025	Pools	Losers Semi-Final	2025508	314782	2	1	JP	M. Bison
2025-09-13 15:41:47 UTC	UFA 2025	Pools	Winners Semi-Final	4511746	404179	2	1	N/A	N/A
2025-09-13 15:40:46 UTC	UFA 2025	Pools	Losers Quarter-Final	370586	3424739	2	0	N/A	N/A
2025-09-13 15:40:33 UTC	UFA 2025	Pools	Losers Quarter-Final	314782	368368	2	0	M. Bison	Guile
2025-09-13 15:39:19 UTC	UFA 2025	Pools	Losers Quarter-Final	2025508	389754	2	1	JP	Dee Jay, M. Bison
2025-09-13 15:35:13 UTC	UFA 2025	Pools	Losers Semi-Final	148527	148458	2	0	Ken	Akuma
2025-09-13 15:32:50 UTC	UFA 2025	Pools	Losers Round 4	3424739	315945	2	1	N/A	N/A
2025-09-13 15:32:34 UTC	UFA 2025	Pools	Losers Round 5	368368	3475034	2	1	Guile	Dhalsim
2025-09-13 15:31:27 UTC	UFA 2025	Pools	Losers Semi-Final	417126	1565298	2	0	N/A	N/A
2025-09-13 15:30:20 UTC	UFA 2025	Pools	Losers Quarter-Final	148527	1247459	2	1	JP, Ken	Elena
2025-09-13 15:29:33 UTC	UFA 2025	Pools	Losers Round 5	389754	2944932	2	1	M. Bison	Ken
2025-09-13 15:28:16 UTC	UFA 2025	Pools	Losers Round 4	590571	3684965	2	1	N/A	N/A
2025-09-13 15:25:42 UTC	UFA 2025	Pools	Losers Quarter-Final	417126	3438989	2	0	N/A	N/A
2025-09-13 15:25:10 UTC	UFA 2025	Pools	Losers Round 3	315945	1540288	2	1	N/A	N/A
2025-09-13 15:23:19 UTC	UFA 2025	Pools	Winners Semi-Final	157225	370586	2	0	N/A	N/A
2025-09-13 15:22:29 UTC	UFA 2025	Pools	Winners Final	160464	1400025	2	0	N/A	N/A
2025-09-13 15:21:41 UTC	UFA 2025	Pools	Losers Quarter-Final	148458	1126451	2	0	Akuma	Kimberly
2025-09-13 15:21:37 UTC	UFA 2025	Pools	Losers Round 4	2944932	4343541	2	0	Ken	A.K.I.
2025-09-13 15:21:06 UTC	UFA 2025	Pools	Losers Round 3	590571	2114487	2	1	N/A	N/A
2025-09-13 15:20:29 UTC	UFA 2025	Pools	Losers Round 4	1247459	498414	2	0	Elena	M. Bison
2025-09-13 15:20:27 UTC	UFA 2025	Pools	Losers Round 4	389754	918120	2	0	Dee Jay	E. Honda
2025-09-13 15:19:46 UTC	UFA 2025	Pools	Losers Quarter-Final	1565298	4456932	2	0	N/A	N/A
2025-09-13 15:19:43 UTC	UFA 2025	Pools	Winners Semi-Final	561804	148527	2	1	Marisa, Rashid	JP, Ken
2025-09-13 15:19:29 UTC	UFA 2025	Pools	Winners Semi-Final	358562	314782	2	1	Ken	M. Bison
2025-09-13 15:18:49 UTC	UFA 2025	Pools	Losers Round 4	368368	4148262	2	0	Guile	Kimberly
2025-09-13 15:17:01 UTC	UFA 2025	Pools	Losers Round 3	3424739	2729647	2	1	N/A	N/A
2025-09-13 15:16:56 UTC	UFA 2025	Pools	Losers Round 4	3475034	821331	2	0	Dhalsim	Manon
2025-09-13 15:16:26 UTC	UFA 2025	Pools	Losers Round 4	1126451	4059932	2	0	Kimberly	Akuma
2025-09-13 15:16:04 UTC	UFA 2025	Pools	Winners Semi-Final	4143648	2025508	2	0	Ryu	Mai
2025-09-13 15:13:54 UTC	UFA 2025	Pools	Losers Round 3	4148262	3621379	2	0	Kimberly	Akuma
2025-09-13 15:13:39 UTC	UFA 2025	Pools	Losers Round 2	1540288	4664855	2	1	N/A	N/A
2025-09-13 15:12:44 UTC	UFA 2025	Pools	Losers Round 5	4456932	423213	2	1	N/A	N/A
2025-09-13 15:12:12 UTC	UFA 2025	Pools	Losers Round 3	4343541	3794230	2	0	A.K.I.	Akuma
2025-09-13 15:12:08 UTC	UFA 2025	Pools	Losers Round 3	1247459	2367699	2	1	Elena	Blanka
2025-09-13 15:11:42 UTC	UFA 2025	Pools	Losers Round 3	3684965	1329551	2	0	N/A	N/A
2025-09-13 15:11:23 UTC	UFA 2025	Pools	Losers Round 3	498414	1160933	2	1	M. Bison	Blanka
2025-09-13 15:11:11 UTC	UFA 2025	Pools	Winners Semi-Final	1400025	1565298	2	0	N/A	N/A
2025-09-13 15:10:24 UTC	UFA 2025	Pools	Winners Semi-Final	699782	148458	2	0	Mai	Akuma
2025-09-13 15:09:28 UTC	UFA 2025	Pools	Losers Round 5	417126	3713755	2	1	N/A	N/A
2025-09-13 15:09:24 UTC	UFA 2025	Pools	Losers Round 3	4059932	135867	2	1	Akuma	Ryu
2025-09-13 15:08:56 UTC	UFA 2025	Pools	Losers Round 3	389754	3358905	2	0	M. Bison	Cammy, Mai
2025-09-13 15:07:55 UTC	UFA 2025	Pools	Losers Round 2	4148262	4774708	2	0	Kimberly	Chun-Li
2025-09-13 15:07:05 UTC	UFA 2025	Pools	Winners Quarter-Final	2025508	368368	2	0	JP	Guile
2025-09-13 15:06:45 UTC	UFA 2025	Pools	Losers Round 2	1329551	394959	2	1	N/A	N/A
2025-09-13 15:05:56 UTC	UFA 2025	Pools	Winners Quarter-Final	157225	2114487	2	0	N/A	N/A
2025-09-13 15:05:36 UTC	UFA 2025	Pools	Winners Semi-Final	160464	3438989	2	1	Terry	Guile
2025-09-13 15:04:56 UTC	UFA 2025	Pools	Losers Round 2	3794230	849595	W (DQ/FF)	L (DQ/FF)	N/A	N/A
2025-09-13 15:04:24 UTC	UFA 2025	Pools	Winners Quarter-Final	370586	3684965	2	0	N/A	N/A
2025-09-13 15:03:29 UTC	UFA 2025	Pools	Losers Round 2	1247459	2337591	2	1	Elena	Juri
2025-09-13 15:03:14 UTC	UFA 2025	Pools	Losers Round 4	4456932	1022947	2	0	N/A	N/A
2025-09-13 15:03:04 UTC	UFA 2025	Pools	Winners Quarter-Final	4143648	821331	2	0	Ryu	Manon
2025-09-13 15:03:04 UTC	UFA 2025	Pools	Winners Quarter-Final	4511746	3424739	2	0	N/A	N/A
2025-09-13 15:02:27 UTC	UFA 2025	Pools	Winners Quarter-Final	699782	2367699	2	0	Mai	Blanka
2025-09-13 15:02:05 UTC	UFA 2025	Pools	Winners Quarter-Final	358562	2944932	2	1	Ken	Ken
2025-09-13 15:01:54 UTC	UFA 2025	Pools	Losers Round 2	1160933	698601	2	1	Blanka	A.K.I., Blanka
2025-09-13 15:01:31 UTC	UFA 2025	Pools	Losers Round 1	394959	565833	W (DQ/FF)	L (DQ/FF)	N/A	N/A
2025-09-13 15:01:21 UTC	UFA 2025	Pools	Losers Round 4	3713755	2759955	2	0	N/A	N/A
2025-09-13 15:01:17 UTC	UFA 2025	Pools	Losers Round 1	1329551	740012	W (DQ/FF)	L (DQ/FF)	N/A	N/A
2025-09-13 15:01:05 UTC	UFA 2025	Pools	Losers Round 2	389754	865132	2	0	M. Bison	Mai, Ryu
2025-09-13 15:01:04 UTC	UFA 2025	Pools	Losers Round 4	417126	3968266	2	0	N/A	N/A
2025-09-13 15:00:31 UTC	UFA 2025	Pools	Losers Round 2	4059932	1162905	2	0	Akuma	Elena
2025-09-13 15:00:27 UTC	UFA 2025	Pools	Losers Round 2	3621379	4721791	W (DQ/FF)	L (DQ/FF)	N/A	N/A
2025-09-13 15:00:14 UTC	UFA 2025	Pools	Losers Round 1	1540288	3563679	W (DQ/FF)	L (DQ/FF)	N/A	N/A
2025-09-13 15:00:12 UTC	UFA 2025	Pools	Losers Round 3	1126451	3075344	2	0	Kimberly	Ken
2025-09-13 15:00:09 UTC	UFA 2025	Pools	Winners Quarter-Final	314782	918120	2	0	M. Bison	E. Honda
2025-09-13 14:59:46 UTC	UFA 2025	Pools	Losers Round 3	3475034	4121919	2	0	Dhalsim	Cammy, Mai
2025-09-13 14:57:29 UTC	UFA 2025	Pools	Winners Quarter-Final	404179	315945	2	0	N/A	N/A
2025-09-13 14:56:52 UTC	UFA 2025	Pools	Losers Round 1	4774708	2921596	2	1	Chun-Li	A.K.I., Terry
2025-09-13 14:55:41 UTC	UFA 2025	Pools	Losers Round 3	4456932	2324643	2	0	N/A	N/A
2025-09-13 14:55:17 UTC	UFA 2025	Pools	Losers Round 1	1162905	4257454	2	0	Elena	Ryu
2025-09-13 14:54:21 UTC	UFA 2025	Pools	Winners Round 2	2025508	849595	W (DQ/FF)	L (DQ/FF)	N/A	N/A
2025-09-13 14:54:07 UTC	UFA 2025	Pools	Losers Round 2	3075344	2448928	2	0	Ken	Cammy
2025-09-13 14:54:07 UTC	UFA 2025	Pools	Winners Round 2	821331	389754	2	1	Manon	M. Bison
2025-09-13 14:54:07 UTC	UFA 2025	Pools	Winners Round 2	2114487	1540288	2	1	N/A	N/A
2025-09-13 14:53:25 UTC	UFA 2025	Pools	Losers Round 1	2337591	2489798	2	0	Juri	Cammy
2025-09-13 14:53:13 UTC	UFA 2025	Pools	Losers Round 3	3968266	4113773	2	1	N/A	N/A
2025-09-13 14:52:52 UTC	UFA 2025	Pools	Winners Quarter-Final	1400025	417126	2	0	Guile	Ken
2025-09-13 14:51:58 UTC	UFA 2025	Pools	Winners Quarter-Final	148527	135867	2	0	Ken	Ryu
2025-09-13 14:51:36 UTC	UFA 2025	Pools	Winners Round 2	2944932	3621379	2	0	Ken	Akuma
2025-09-13 14:51:20 UTC	UFA 2025	Pools	Losers Round 4	423213	4096709	2	0	N/A	N/A
2025-09-13 14:50:23 UTC	UFA 2025	Pools	Losers Round 2	2729647	1648066	2	1	N/A	N/A
2025-09-13 14:50:19 UTC	UFA 2025	Pools	Losers Round 3	2759955	4598729	2	0	N/A	N/A
2025-09-13 14:50:18 UTC	UFA 2025	Pools	Losers Round 1	698601	4323088	2	0	Blanka	Zangief
2025-09-13 14:50:06 UTC	UFA 2025	Pools	Losers Round 2	590571	2844078	2	0	N/A	N/A
2025-09-13 14:49:52 UTC	UFA 2025	Pools	Losers Round 2	3475034	863015	W (DQ/FF)	L (DQ/FF)	N/A	N/A
2025-09-13 14:48:10 UTC	UFA 2025	Pools	Winners Quarter-Final	561804	1126451	2	0	Kimberly	Rashid
2025-09-13 14:47:49 UTC	UFA 2025	Pools	Winners Round 2	2367699	1162905	2	0	Blanka	Elena
2025-09-13 14:47:34 UTC	UFA 2025	Pools	Losers Round 2	3358905	2543255	W (DQ/FF)	L (DQ/FF)	N/A	N/A
2025-09-13 14:47:34 UTC	UFA 2025	Pools	Losers Round 1	4664855	3608529	2	1	N/A	N/A
2025-09-13 14:46:30 UTC	UFA 2025	Pools	Losers Round 2	4456932	4420480	2	0	N/A	N/A
2025-09-13 14:45:49 UTC	UFA 2025	Pools	Winners Round 2	148527	2337591	2	0	Ken	Juri
2025-09-13 14:45:31 UTC	UFA 2025	Pools	Losers Round 1	2448928	4574578	2	0	Cammy	Dhalsim
2025-09-13 14:44:41 UTC	UFA 2025	Pools	Losers Round 1	1247459	2137464	W (DQ/FF)	L (DQ/FF)	N/A	N/A
2025-09-13 14:44:22 UTC	UFA 2025	Pools	Winners Round 2	4511746	394959	2	0	N/A	N/A
2025-09-13 14:44:01 UTC	UFA 2025	Pools	Losers Round 3	4096709	2445751	2	0	N/A	N/A
2025-09-13 14:42:41 UTC	UFA 2025	Pools	Winners Quarter-Final	3438989	1022947	2	0	N/A	N/A
2025-09-13 14:42:25 UTC	UFA 2025	Pools	Winners Round 1	389754	2921596	2	0	M. Bison	Terry
2025-09-13 14:42:22 UTC	UFA 2025	Pools	Winners Round 2	918120	3475034	2	1	E. Honda	Dhalsim
2025-09-13 14:41:25 UTC	UFA 2025	Pools	Losers Round 1	2844078	1430569	2	0	N/A	N/A
2025-09-13 14:41:19 UTC	UFA 2025	Pools	Losers Round 2	3968266	4896716	2	0	N/A	N/A
2025-09-13 14:40:56 UTC	UFA 2025	Pools	Losers Round 2	4113773	846329	2	0	N/A	N/A
2025-09-13 14:40:17 UTC	UFA 2025	Pools	Losers Round 1	3075344	704922	2	0	Ken	Marisa
2025-09-13 14:40:08 UTC	UFA 2025	Pools	Losers Round 2	4343541	260461	2	0	A.K.I.	Dee Jay
2025-09-13 14:40:03 UTC	UFA 2025	Pools	Losers Round 1	590571	4544935	2	0	N/A	N/A
2025-09-13 14:39:48 UTC	UFA 2025	Pools	Losers Round 1	1648066	3565810	2	0	N/A	N/A
2025-09-13 14:39:42 UTC	UFA 2025	Pools	Winners Round 2	1126451	698601	2	0	Kimberly	Blanka
2025-09-13 14:39:24 UTC	UFA 2025	Pools	Losers Round 1	2729647	978727	2	0	N/A	N/A
2025-09-13 14:39:18 UTC	UFA 2025	Pools	Winners Quarter-Final	148458	498414	2	0	Akuma	M. Bison
2025-09-13 14:39:12 UTC	UFA 2025	Pools	Winners Round 1	1540288	565833	W (DQ/FF)	L (DQ/FF)	N/A	N/A
2025-09-13 14:38:54 UTC	UFA 2025	Pools	Winners Round 2	135867	1247459	2	0	Ryu	Elena
2025-09-13 14:38:47 UTC	UFA 2025	Pools	Winners Round 2	157225	3608529	2	0	N/A	N/A
2025-09-13 14:38:29 UTC	UFA 2025	Pools	Winners Quarter-Final	160464	423213	2	0	N/A	N/A
2025-09-13 14:38:06 UTC	UFA 2025	Pools	Winners Round 2	1400025	4456932	2	1	N/A	N/A
2025-09-13 14:37:58 UTC	UFA 2025	Pools	Losers Round 2	4598729	1318667	2	0	N/A	N/A
2025-09-13 14:37:32 UTC	UFA 2025	Pools	Winners Quarter-Final	1565298	3713755	2	0	N/A	N/A
2025-09-13 14:37:11 UTC	UFA 2025	Pools	Losers Round 1	1160933	4608402	2	0	Blanka	Ryu
2025-09-13 14:35:30 UTC	UFA 2025	Pools	Losers Round 2	2445751	2334086	2	0	N/A	N/A
2025-09-13 14:34:51 UTC	UFA 2025	Pools	Winners Round 1	2337591	4574578	2	1	Juri	Dhalsim
2025-09-13 14:34:41 UTC	UFA 2025	Pools	Losers Round 2	2324643	374000	2	0	N/A	N/A
2025-09-13 14:33:57 UTC	UFA 2025	Pools	Losers Round 1	4059932	760161	2	0	Akuma	Akuma
2025-09-13 14:32:58 UTC	UFA 2025	Pools	Winners Round 2	4143648	3358905	2	0	Ryu	Mai
2025-09-13 14:32:17 UTC	UFA 2025	Pools	Winners Round 2	148458	3075344	2	0	Akuma	Ken
2025-09-13 14:31:37 UTC	UFA 2025	Pools	Winners Round 2	3684965	1648066	2	0	N/A	N/A
2025-09-13 14:31:29 UTC	UFA 2025	Pools	Winners Round 1	918120	260461	2	0	E. Honda	Dee Jay
2025-09-13 14:30:47 UTC	UFA 2025	Pools	Winners Round 1	1247459	704922	2	1	Elena	Marisa
2025-09-13 14:29:59 UTC	UFA 2025	Pools	Winners Round 2	423213	4598729	2	1	N/A	N/A
2025-09-13 14:29:47 UTC	UFA 2025	Pools	Winners Round 2	1022947	4896716	2	0	N/A	N/A
2025-09-13 14:29:45 UTC	UFA 2025	Pools	Winners Round 1	3608529	740012	W (DQ/FF)	L (DQ/FF)	N/A	N/A
2025-09-13 14:29:24 UTC	UFA 2025	Pools	Winners Round 2	358562	4148262	2	0	Ken	Kimberly
2025-09-13 14:29:23 UTC	UFA 2025	Pools	Winners Round 1	394959	3563679	W (DQ/FF)	L (DQ/FF)	N/A	N/A
2025-09-13 14:28:04 UTC	UFA 2025	Pools	Winners Round 2	370586	2729647	2	0	N/A	N/A
2025-09-13 14:28:03 UTC	UFA 2025	Pools	Winners Round 2	3438989	4113773	2	0	N/A	N/A
2025-09-13 14:27:56 UTC	UFA 2025	Pools	Winners Round 2	315945	2844078	2	0	N/A	N/A
2025-09-13 14:27:42 UTC	UFA 2025	Pools	Winners Round 2	3424739	1329551	2	0	N/A	N/A
2025-09-13 14:27:09 UTC	UFA 2025	Pools	Losers Round 2	2759955	1329375	W (DQ/FF)	L (DQ/FF)	N/A	N/A
2025-09-13 14:26:40 UTC	UFA 2025	Pools	Winners Round 2	699782	4059932	2	0	Mai	Akuma
2025-09-13 14:26:19 UTC	UFA 2025	Pools	Winners Round 2	160464	2759955	2	1	N/A	N/A
2025-09-13 14:26:09 UTC	UFA 2025	Pools	Winners Round 2	561804	4608402	2	0	Rashid	Akuma
2025-09-13 14:25:50 UTC	UFA 2025	Pools	Losers Round 2	4121919	985566	W (DQ/FF)	L (DQ/FF)	N/A	N/A
2025-09-13 14:25:45 UTC	UFA 2025	Pools	Winners Round 1	1400025	1329375	W (DQ/FF)	L (DQ/FF)	N/A	N/A
2025-09-13 14:25:10 UTC	UFA 2025	Pools	Winners Round 2	368368	4343541	2	0	Guile	A.K.I.
2025-09-13 14:24:12 UTC	UFA 2025	Pools	Winners Round 2	314782	4121919	2	0	M. Bison	Cammy
2025-09-13 14:24:11 UTC	UFA 2025	Pools	Winners Round 1	3075344	2137464	W (DQ/FF)	L (DQ/FF)	N/A	N/A
2025-09-13 14:23:45 UTC	UFA 2025	Pools	Winners Round 2	498414	2448928	2	0	M. Bison	Cammy
2025-09-13 14:23:40 UTC	UFA 2025	Pools	Winners Round 2	417126	374000	2	0	N/A	N/A
2025-09-13 14:23:40 UTC	UFA 2025	Pools	Winners Round 1	1648066	590571	2	1	N/A	N/A
2025-09-13 14:23:21 UTC	UFA 2025	Pools	Winners Round 1	3621379	2543255	W (DQ/FF)	L (DQ/FF)	N/A	N/A
2025-09-13 14:23:13 UTC	UFA 2025	Pools	Winners Round 2	1565298	2445751	2	0	N/A	N/A
2025-09-13 14:22:52 UTC	UFA 2025	Pools	Winners Round 1	3358905	4721791	W (DQ/FF)	L (DQ/FF)	N/A	N/A
2025-09-13 14:22:51 UTC	UFA 2025	Pools	Winners Round 1	1162905	1160933	2	1	Elena	Blanka
2025-09-13 14:22:45 UTC	UFA 2025	Pools	Winners Round 2	404179	4544935	2	0	N/A	N/A
2025-09-13 14:22:06 UTC	UFA 2025	Pools	Winners Round 1	4148262	865132	2	0	Kimberly	Mai, Ryu
2025-09-13 14:20:19 UTC	UFA 2025	Pools	Winners Round 1	4608402	4257454	2	1	Akuma	Ryu
2025-09-13 14:19:39 UTC	UFA 2025	Pools	Winners Round 1	1329551	4664855	2	1	N/A	N/A
2025-09-13 14:19:36 UTC	UFA 2025	Pools	Losers Round 2	4096709	1791717	W (DQ/FF)	L (DQ/FF)	N/A	N/A
2025-09-13 14:19:10 UTC	UFA 2025	Pools	Losers Round 1	846329	266549	W (DQ/FF)	L (DQ/FF)	N/A	N/A
2025-09-13 14:19:07 UTC	UFA 2025	Pools	Winners Round 1	698601	760161	2	0	Blanka	Akuma
2025-09-13 14:18:59 UTC	UFA 2025	Pools	Winners Round 1	4343541	863015	W (DQ/FF)	L (DQ/FF)	N/A	N/A
2025-09-13 14:18:55 UTC	UFA 2025	Pools	Winners Round 1	2729647	1430569	2	0	N/A	N/A
2025-09-13 14:18:44 UTC	UFA 2025	Pools	Winners Round 1	423213	2324643	2	1	N/A	N/A
2025-09-13 14:18:17 UTC	UFA 2025	Pools	Winners Round 1	2844078	978727	2	0	N/A	N/A
2025-09-13 14:17:57 UTC	UFA 2025	Pools	Winners Round 1	4059932	4323088	2	1	Akuma	Zangief
2025-09-13 14:17:15 UTC	UFA 2025	Pools	Winners Round 1	4896716	4096709	2	1	N/A	N/A
2025-09-13 14:17:02 UTC	UFA 2025	Pools	Winners Round 1	2759955	4420480	2	0	N/A	N/A
2025-09-13 14:16:41 UTC	UFA 2025	Pools	Winners Round 1	4121919	3794230	2	0	Cammy	Akuma
2025-09-13 14:16:36 UTC	UFA 2025	Pools	Winners Round 2	3713755	1791717	W (DQ/FF)	L (DQ/FF)	N/A	N/A
2025-09-13 14:16:30 UTC	UFA 2025	Pools	Winners Round 1	3713755	3968266	2	1	N/A	N/A
2025-09-13 14:16:23 UTC	UFA 2025	Pools	Winners Round 1	1565298	846329	2	0	N/A	N/A
2025-09-13 14:16:22 UTC	UFA 2025	Pools	Winners Round 1	2448928	2489798	2	0	Cammy	Cammy
2025-09-13 14:16:21 UTC	UFA 2025	Pools	Winners Round 1	4113773	2334086	2	1	N/A	N/A
2025-09-13 14:16:00 UTC	UFA 2025	Pools	Winners Round 1	821331	4774708	2	0	Manon	Chun-Li
2025-09-13 14:15:59 UTC	UFA 2025	Pools	Winners Round 1	4544935	3565810	2	0	N/A	N/A
2025-09-13 14:15:59 UTC	UFA 2025	Pools	Winners Round 1	374000	1318667	2	0	N/A	N/A
2025-09-13 14:10:49 UTC	UFA 2025	Pools	Winners Round 1	849595	985566	W (DQ/FF)	L (DQ/FF)	N/A	N/A
2025-09-13 13:58:56 UTC	UFA 2025	Pools	Losers Semi-Final	140787	1156976	2	1	N/A	N/A
2025-09-13 13:49:39 UTC	UFA 2025	Pools	Winners Final	2151987	3320259	2	1	N/A	N/A
2025-09-13 13:48:28 UTC	UFA 2025	Pools	Losers Quarter-Final	1156976	261364	2	1	N/A	N/A
2025-09-13 13:37:21 UTC	UFA 2025	Pools	Winners Final	632437	3578750	2	1	N/A	N/A
2025-09-13 13:30:22 UTC	UFA 2025	Pools	Losers Semi-Final	623395	2182413	2	1	N/A	N/A
2025-09-13 13:28:43 UTC	UFA 2025	Pools	Winners Round 1	2445751	266549	W (DQ/FF)	L (DQ/FF)	N/A	N/A
2025-09-13 13:25:52 UTC	UFA 2025	Pools	Losers Quarter-Final	140787	368359	2	1	N/A	N/A
2025-09-13 13:24:19 UTC	UFA 2025	Pools	Losers Semi-Final	2615047	3491075	2	1	N/A	N/A
2025-09-13 13:23:49 UTC	UFA 2025	Pools	Winners Final	1816209	1148242	2	1	N/A	N/A
2025-09-13 13:22:25 UTC	UFA 2025	Pools	Losers Semi-Final	395486	1151706	2	0	Chun-Li	Juri
2025-09-13 13:20:20 UTC	UFA 2025	Pools	Losers Round 5	1156976	853554	2	1	N/A	N/A
2025-09-13 13:19:46 UTC	UFA 2025	Pools	Losers Quarter-Final	623395	4591922	2	0	N/A	N/A
2025-09-13 13:15:46 UTC	UFA 2025	Pools	Losers Quarter-Final	1151706	3579639	2	0	Juri	Rashid
2025-09-13 13:15:29 UTC	UFA 2025	Pools	Losers Round 5	140787	3391721	2	0	N/A	N/A
2025-09-13 13:15:24 UTC	UFA 2025	Pools	Losers Quarter-Final	395486	2526799	2	1	N/A	N/A
2025-09-13 13:14:52 UTC	UFA 2025	Pools	Winners Final	3935651	226786	2	0	N/A	N/A
2025-09-13 13:13:40 UTC	UFA 2025	Pools	Winners Semi-Final	3320259	261364	2	0	N/A	N/A
2025-09-13 13:12:58 UTC	UFA 2025	Pools	Losers Quarter-Final	2182413	3561126	2	0	N/A	N/A
2025-09-13 13:12:24 UTC	UFA 2025	Pools	Losers Quarter-Final	2615047	661130	2	0	N/A	N/A
2025-09-13 13:10:40 UTC	UFA 2025	Pools	Losers Quarter-Final	3491075	385608	2	0	N/A	N/A
2025-09-13 13:10:12 UTC	UFA 2025	Pools	Losers Round 4	853554	1205297	2	0	N/A	N/A
2025-09-13 13:09:47 UTC	UFA 2025	Pools	Losers Round 4	140787	4418704	2	0	N/A	N/A
2025-09-13 13:08:30 UTC	UFA 2025	Pools	Losers Round 4	3391721	519202	2	1	N/A	N/A
2025-09-13 13:07:39 UTC	UFA 2025	Pools	Losers Round 5	2526799	370671	2	1	N/A	N/A
2025-09-13 13:06:51 UTC	UFA 2025	Pools	Losers Round 4	4591922	4149210	2	1	N/A	N/A
2025-09-13 13:05:44 UTC	UFA 2025	Pools	Winners Semi-Final	1816209	1151706	2	0	N/A	N/A
2025-09-13 13:05:40 UTC	UFA 2025	Pools	Losers Round 4	3561126	3567266	2	0	N/A	N/A
2025-09-13 13:03:58 UTC	UFA 2025	Pools	Winners Semi-Final	2151987	368359	2	0	N/A	N/A
2025-09-13 13:03:02 UTC	UFA 2025	Pools	Losers Round 4	3491075	3596432	2	1	N/A	N/A
2025-09-13 13:02:36 UTC	UFA 2025	Pools	Losers Round 3	1205297	3383512	2	0	N/A	N/A
2025-09-13 13:02:05 UTC	UFA 2025	Pools	Losers Round 5	3579639	2136320	2	0	Rashid	Sagat
2025-09-13 13:00:23 UTC	UFA 2025	Pools	Losers Round 4	1156976	319892	W	L	N/A	N/A
2025-09-13 12:59:55 UTC	UFA 2025	Pools	Winners Semi-Final	632437	2615047	2	0	N/A	N/A
2025-09-13 12:59:09 UTC	UFA 2025	Pools	Losers Round 4	661130	4158599	2	0	N/A	N/A
2025-09-13 12:58:59 UTC	UFA 2025	Pools	Winners Semi-Final	3578750	385608	2	0	N/A	N/A
2025-09-13 12:57:59 UTC	UFA 2025	Pools	Losers Round 3	4418704	1285483	2	1	N/A	N/A
2025-09-13 12:57:04 UTC	UFA 2025	Pools	Losers Round 3	4591922	2080212	2	0	N/A	N/A
2025-09-13 12:56:26 UTC	UFA 2025	Pools	Losers Round 3	3561126	2313510	2	0	N/A	N/A
2025-09-13 12:56:07 UTC	UFA 2025	Pools	Losers Round 4	2526799	1411451	2	0	N/A	N/A
2025-09-13 12:55:55 UTC	UFA 2025	Pools	Losers Round 4	3579639	3699698	2	0	Rashid	Guile
2025-09-13 12:55:12 UTC	UFA 2025	Pools	Winners Quarter-Final	261364	140787	2	1	N/A	N/A
2025-09-13 12:54:54 UTC	UFA 2025	Pools	Winners Semi-Final	226786	2182413	2	1	N/A	N/A
2025-09-13 12:54:43 UTC	UFA 2025	Pools	Losers Round 4	370671	3747010	2	1	Rashid	E. Honda
2025-09-13 12:54:37 UTC	UFA 2025	Pools	Losers Round 3	3567266	3398570	2	1	N/A	N/A
2025-09-13 12:54:09 UTC	UFA 2025	Pools	Winners Semi-Final	3935651	623395	2	1	N/A	N/A
2025-09-13 12:54:05 UTC	UFA 2025	Pools	Losers Round 3	661130	846442	2	0	N/A	N/A
2025-09-13 12:53:00 UTC	UFA 2025	Pools	Losers Round 3	4158599	3632533	2	0	N/A	N/A
2025-09-13 12:52:52 UTC	UFA 2025	Pools	Losers Round 3	3491075	1670441	2	1	N/A	N/A
2025-09-13 12:52:43 UTC	UFA 2025	Pools	Losers Round 3	4149210	4788179	2	0	N/A	N/A
2025-09-13 12:52:42 UTC	UFA 2025	Pools	Losers Round 3	319892	3547379	W	L	N/A	N/A
2025-09-13 12:51:49 UTC	UFA 2025	Pools	Losers Round 3	3596432	2316795	2	0	N/A	N/A
2025-09-13 12:51:00 UTC	UFA 2025	Pools	Winners Semi-Final	1148242	395486	2	0	Elena	Chun-Li
2025-09-13 12:50:03 UTC	UFA 2025	Pools	Losers Round 2	1205297	792702	2	0	N/A	N/A
2025-09-13 12:50:01 UTC	UFA 2025	Pools	Losers Round 4	2136320	617167	2	0	Sagat	Mai
2025-09-13 12:49:05 UTC	UFA 2025	Pools	Losers Round 2	2313510	2433528	2	0	N/A	N/A
2025-09-13 12:47:58 UTC	UFA 2025	Pools	Losers Round 3	3699698	3639957	2	0	Guile	Jamie
2025-09-13 12:47:49 UTC	UFA 2025	Pools	Winners Quarter-Final	3320259	3391721	2	0	N/A	N/A
2025-09-13 12:47:17 UTC	UFA 2025	Pools	Losers Round 3	1411451	3373033	2	0	Sagat	E. Honda
2025-09-13 12:46:57 UTC	UFA 2025	Pools	Losers Round 2	1285483	3297257	2	1	N/A	N/A
2025-09-13 12:46:44 UTC	UFA 2025	Pools	Losers Semi-Final	135910	240230	2	1	N/A	N/A
2025-09-13 12:46:07 UTC	UFA 2025	Pools	Winners Quarter-Final	1151706	2526799	2	1	Juri	Luke
2025-09-13 12:45:54 UTC	UFA 2025	Pools	Losers Round 2	3567266	4545313	2	0	N/A	N/A
2025-09-13 12:45:45 UTC	UFA 2025	Pools	Losers Round 2	4591922	4290111	2	0	N/A	N/A
2025-09-13 12:45:45 UTC	UFA 2025	Pools	Winners Quarter-Final	368359	1156976	2	0	N/A	N/A
2025-09-13 12:45:21 UTC	UFA 2025	Pools	Losers Round 2	3596432	2345859	2	0	N/A	N/A
2025-09-13 12:44:14 UTC	UFA 2025	Pools	Winners Quarter-Final	1148242	3579639	2	0	Elena	Rashid
2025-09-13 12:44:12 UTC	UFA 2025	Pools	Losers Round 2	1670441	4931100	2	0	N/A	N/A
2025-09-13 12:44:11 UTC	UFA 2025	Pools	Losers Round 2	3547379	3564732	2	0	N/A	N/A
2025-09-13 12:43:58 UTC	UFA 2025	Pools	Losers Round 2	4418704	2771339	2	1	N/A	N/A
2025-09-13 12:43:54 UTC	UFA 2025	Pools	Winners Quarter-Final	2182413	4788179	2	0	N/A	N/A
2025-09-13 12:43:46 UTC	UFA 2025	Pools	Winners Quarter-Final	3935651	3398570	2	0	N/A	N/A
2025-09-13 12:43:45 UTC	UFA 2025	Pools	Losers Round 3	519202	260462	2	1	N/A	N/A
2025-09-13 12:43:42 UTC	UFA 2025	Pools	Losers Round 2	846442	4023906	2	1	N/A	N/A
2025-09-13 12:43:37 UTC	UFA 2025	Pools	Winners Quarter-Final	226786	2080212	2	0	N/A	N/A
2025-09-13 12:42:56 UTC	UFA 2025	Pools	Losers Round 3	617167	3269970	2	0	Mai	Sagat
2025-09-13 12:42:44 UTC	UFA 2025	Pools	Winners Quarter-Final	623395	3561126	2	0	N/A	N/A
2025-09-13 12:42:17 UTC	UFA 2025	Pools	Winners Quarter-Final	2151987	853554	2	0	N/A	N/A
2025-09-13 12:42:16 UTC	UFA 2025	Pools	Losers Round 1	2313510	1503042	2	1	N/A	N/A
2025-09-13 12:42:08 UTC	UFA 2025	Pools	Losers Round 1	2433528	148844	W (DQ/FF)	L (DQ/FF)	N/A	N/A
2025-09-13 12:41:57 UTC	UFA 2025	Pools	Losers Round 3	3747010	3465084	2	0	E. Honda	Sagat
2025-09-13 12:41:46 UTC	UFA 2025	Pools	Winners Round 2	261364	1205297	2	0	N/A	N/A
2025-09-13 12:39:27 UTC	UFA 2025	Pools	Losers Round 2	1411451	3727118	2	0	Sagat	E. Honda
2025-09-13 12:39:06 UTC	UFA 2025	Pools	Winners Quarter-Final	1816209	370671	2	0	Luke	Rashid
2025-09-13 12:39:01 UTC	UFA 2025	Pools	Losers Round 2	3383512	4271862	2	0	N/A	N/A
2025-09-13 12:38:47 UTC	UFA 2025	Pools	Losers Round 2	319892	3566257	W	L	N/A	N/A
2025-09-13 12:38:05 UTC	UFA 2025	Pools	Winners Quarter-Final	395486	2136320	2	0	Chun-Li	Sagat
2025-09-13 12:38:02 UTC	UFA 2025	Pools	Losers Round 2	3632533	2666635	2	0	N/A	N/A
2025-09-13 12:37:48 UTC	UFA 2025	Pools	Losers Round 1	4931100	2995752	2	1	N/A	N/A
2025-09-13 12:37:42 UTC	UFA 2025	Pools	Winners Round 2	4788179	148844	W (DQ/FF)	L (DQ/FF)	N/A	N/A
2025-09-13 12:37:35 UTC	UFA 2025	Pools	Winners Quarter-Final	3578750	4158599	2	0	N/A	N/A
2025-09-13 12:37:31 UTC	UFA 2025	Pools	Losers Round 2	4149210	2415769	2	0	N/A	N/A
2025-09-13 12:37:14 UTC	UFA 2025	Pools	Winners Round 2	3320259	3547379	2	0	N/A	N/A
2025-09-13 12:36:49 UTC	UFA 2025	Pools	Losers Round 1	4591922	3062564	W (DQ/FF)	L (DQ/FF)	N/A	N/A
2025-09-13 12:36:32 UTC	UFA 2025	Pools	Losers Round 1	4290111	396301	W (DQ/FF)	L (DQ/FF)	N/A	N/A
2025-09-13 12:36:32 UTC	UFA 2025	Pools	Losers Round 2	3699698	3531744	2	0	Guile	Cammy
2025-09-13 12:36:24 UTC	UFA 2025	Pools	Winners Quarter-Final	632437	3491075	2	0	N/A	N/A
2025-09-13 12:36:09 UTC	UFA 2025	Pools	Losers Round 2	617167	2464181	2	0	Mai	Zangief
2025-09-13 12:35:34 UTC	UFA 2025	Pools	Winners Quarter-Final	2615047	2316795	2	0	N/A	N/A
2025-09-13 12:34:43 UTC	UFA 2025	Pools	Losers Round 1	3567266	1685453	2	0	N/A	N/A
2025-09-13 12:34:04 UTC	UFA 2025	Pools	Losers Round 1	4023906	4836780	2	0	N/A	N/A
2025-09-13 12:33:30 UTC	UFA 2025	Pools	Winners Round 2	853554	4418704	2	1	N/A	N/A
2025-09-13 12:33:22 UTC	UFA 2025	Pools	Losers Round 2	3639957	4060913	2	0	Jamie	Chun-Li
2025-09-13 12:33:20 UTC	UFA 2025	Pools	Winners Quarter-Final	385608	661130	2	0	N/A	N/A
2025-09-13 12:32:24 UTC	UFA 2025	Pools	Losers Round 2	3269970	2104784	2	0	Sagat	Zangief
2025-09-13 12:32:21 UTC	UFA 2025	Pools	Winners Round 2	2182413	1503042	2	1	N/A	N/A
2025-09-13 12:31:35 UTC	UFA 2025	Pools	Losers Round 1	3564732	262051	2	0	N/A	N/A
2025-09-13 12:30:46 UTC	UFA 2025	Pools	Losers Round 1	3596432	2946270	2	1	N/A	N/A
2025-09-13 12:30:41 UTC	UFA 2025	Pools	Losers Round 2	3747010	2737036	2	1	E. Honda	Jamie
2025-09-13 12:30:39 UTC	UFA 2025	Pools	Losers Round 1	1670441	3236939	2	0	N/A	N/A
2025-09-13 12:30:08 UTC	UFA 2025	Pools	Losers Round 1	2666635	2139331	2	1	N/A	N/A
2025-09-13 12:30:07 UTC	UFA 2025	Pools	Winners Round 2	140787	3383512	2	0	N/A	N/A
2025-09-13 12:29:51 UTC	UFA 2025	Pools	Losers Round 2	3465084	4734205	2	0	Sagat	Akuma
2025-09-13 12:29:46 UTC	UFA 2025	Pools	Losers Round 1	3632533	3302078	2	0	N/A	N/A
2025-09-13 12:29:42 UTC	UFA 2025	Pools	Losers Round 1	4149210	836189	W (DQ/FF)	L (DQ/FF)	N/A	N/A
2025-09-13 12:29:20 UTC	UFA 2025	Pools	Losers Round 1	2345859	341001	W (DQ/FF)	L (DQ/FF)	N/A	N/A
2025-09-13 12:29:04 UTC	UFA 2025	Pools	Losers Round 1	846442	3811799	W (DQ/FF)	L (DQ/FF)	N/A	N/A
2025-09-13 12:29:02 UTC	UFA 2025	Pools	Winners Round 2	226786	3567266	2	0	N/A	N/A
2025-09-13 12:28:52 UTC	UFA 2025	Pools	Losers Round 2	260462	2277767	2	0	N/A	N/A
2025-09-13 12:28:48 UTC	UFA 2025	Pools	Winners Round 2	4158599	341001	W (DQ/FF)	L (DQ/FF)	N/A	N/A
2025-09-13 12:28:46 UTC	UFA 2025	Pools	Losers Round 2	519202	3618659	W (DQ/FF)	L (DQ/FF)	N/A	N/A
2025-09-13 12:28:39 UTC	UFA 2025	Pools	Losers Round 2	3373033	1334813	2	1	E. Honda	Juri
2025-09-13 12:27:59 UTC	UFA 2025	Pools	Winners Round 2	3561126	836189	W (DQ/FF)	L (DQ/FF)	N/A	N/A
2025-09-13 12:27:01 UTC	UFA 2025	Pools	Winners Round 2	370671	617167	2	0	Rashid	Mai
2025-09-13 12:27:00 UTC	UFA 2025	Pools	Winners Round 2	2151987	3297257	2	0	N/A	N/A
2025-09-13 12:26:42 UTC	UFA 2025	Pools	Losers Round 1	3531744	3082905	2	0	Cammy	Mai
2025-09-13 12:25:41 UTC	UFA 2025	Pools	Winners Round 2	3579639	1411451	2	0	Rashid	Sagat
2025-09-13 12:25:31 UTC	UFA 2025	Pools	Winners Round 2	385608	4931100	2	1	N/A	N/A
2025-09-13 12:25:18 UTC	UFA 2025	Pools	Losers Round 1	4545313	2051281	W (DQ/FF)	L (DQ/FF)	N/A	N/A
2025-09-13 12:25:12 UTC	UFA 2025	Pools	Winners Round 1	1205297	3618659	W (DQ/FF)	L (DQ/FF)	N/A	N/A
2025-09-13 12:24:01 UTC	UFA 2025	Pools	Winners Round 2	3491075	4023906	2	1	N/A	N/A
2025-09-13 12:23:18 UTC	UFA 2025	Pools	Winners Round 2	3398570	4290111	2	0	N/A	N/A
2025-09-13 12:23:15 UTC	UFA 2025	Pools	Winners Round 2	368359	260462	2	0	N/A	N/A
2025-09-13 12:23:06 UTC	UFA 2025	Pools	Winners Round 1	1503042	3062564	W (DQ/FF)	L (DQ/FF)	N/A	N/A
2025-09-13 12:23:05 UTC	UFA 2025	Pools	Winners Round 2	3391721	319892	W	L	N/A	N/A
2025-09-13 12:23:02 UTC	UFA 2025	Pools	Winners Round 2	2136320	3747010	2	0	Sagat	E. Honda
2025-09-13 12:22:45 UTC	UFA 2025	Pools	Winners Round 2	623395	2415769	2	0	N/A	N/A
2025-09-13 12:22:23 UTC	UFA 2025	Pools	Winners Round 1	4418704	262051	W (DQ/FF)	L (DQ/FF)	N/A	N/A
2025-09-13 12:22:18 UTC	UFA 2025	Pools	Winners Round 2	2526799	4060913	2	0	Luke	Chun-Li
2025-09-13 12:21:59 UTC	UFA 2025	Pools	Winners Round 2	3935651	4591922	2	0	N/A	N/A
2025-09-13 12:21:49 UTC	UFA 2025	Pools	Winners Round 2	1151706	3699698	2	1	Juri	Guile
2025-09-13 12:21:31 UTC	UFA 2025	Pools	Winners Round 2	3578750	3596432	2	1	N/A	N/A
2025-09-13 12:21:21 UTC	UFA 2025	Pools	Winners Round 1	4788179	396301	W (DQ/FF)	L (DQ/FF)	N/A	N/A
2025-09-13 12:21:09 UTC	UFA 2025	Pools	Winners Round 2	661130	1670441	2	1	N/A	N/A
2025-09-13 12:20:51 UTC	UFA 2025	Pools	Winners Round 2	1816209	3269970	2	0	Luke	Sagat
2025-09-13 12:20:06 UTC	UFA 2025	Pools	Winners Round 2	2316795	3302078	2	1	N/A	N/A
2025-09-13 12:20:03 UTC	UFA 2025	Pools	Winners Round 1	617167	3727118	2	0	Mai	E. Honda
2025-09-13 12:19:39 UTC	UFA 2025	Pools	Winners Round 2	395486	3465084	2	0	Chun-Li	Sagat
2025-09-13 12:19:17 UTC	UFA 2025	Pools	Winners Round 2	1148242	3373033	2	0	Elena	E. Honda
2025-09-13 12:17:59 UTC	UFA 2025	Pools	Winners Round 1	3567266	4149210	2	0	N/A	N/A
2025-09-13 12:17:02 UTC	UFA 2025	Pools	Winners Round 2	1156976	519202	2	0	N/A	N/A
2025-09-13 12:15:43 UTC	UFA 2025	Pools	Winners Round 2	632437	846442	2	0	N/A	N/A
2025-09-13 12:15:17 UTC	UFA 2025	Pools	Winners Round 1	2415769	4545313	2	0	N/A	N/A
2025-09-13 12:15:16 UTC	UFA 2025	Pools	Winners Round 1	4158599	3811799	W (DQ/FF)	L (DQ/FF)	N/A	N/A
2025-09-13 12:14:45 UTC	UFA 2025	Pools	Winners Round 2	2615047	2666635	2	0	N/A	N/A
2025-09-13 12:14:27 UTC	UFA 2025	Pools	Winners Round 1	3547379	2771339	2	0	N/A	N/A
2025-09-13 12:13:53 UTC	UFA 2025	Pools	Winners Round 1	4591922	2313510	2	0	N/A	N/A
2025-09-13 12:13:43 UTC	UFA 2025	Pools	Winners Round 1	4290111	2433528	2	0	N/A	N/A
2025-09-13 12:13:29 UTC	UFA 2025	Pools	Winners Round 1	3561126	1685453	2	0	N/A	N/A
2025-09-13 12:13:11 UTC	UFA 2025	Pools	Winners Round 1	260462	4271862	2	0	N/A	N/A
2025-09-13 12:12:49 UTC	UFA 2025	Pools	Winners Round 1	3391721	1285483	2	0	N/A	N/A
2025-09-13 12:12:44 UTC	UFA 2025	Pools	Winners Round 1	4060913	4734205	2	0	Chun-Li	Akuma
2025-09-13 12:12:22 UTC	UFA 2025	Pools	Winners Round 1	853554	3564732	2	0	N/A	N/A
2025-09-13 12:12:22 UTC	UFA 2025	Pools	Winners Round 1	4023906	2946270	2	0	N/A	N/A
2025-09-13 12:12:14 UTC	UFA 2025	Pools	Winners Round 1	3373033	2104784	2	0	E. Honda	Zangief
2025-09-13 12:11:38 UTC	UFA 2025	Pools	Winners Round 1	3269970	1334813	2	1	Sagat	Juri
2025-09-13 12:10:50 UTC	UFA 2025	Pools	Winners Round 1	3699698	2737036	2	0	Guile	Jamie
2025-09-13 12:10:26 UTC	UFA 2025	Pools	Winners Round 1	1411451	2464181	2	0	Sagat	Zangief
2025-09-13 12:10:16 UTC	UFA 2025	Pools	Winners Round 1	3383512	2277767	2	0	N/A	N/A
2025-09-13 12:10:13 UTC	UFA 2025	Pools	Winners Round 1	4931100	3632533	2	0	N/A	N/A
2025-09-13 12:10:01 UTC	UFA 2025	Pools	Winners Round 1	3596432	4836780	2	0	N/A	N/A
2025-09-13 12:09:30 UTC	UFA 2025	Pools	Winners Round 1	2136320	3531744	2	0	N/A	N/A
2025-09-13 12:09:25 UTC	UFA 2025	Pools	Winners Round 1	519202	792702	2	0	N/A	N/A
2025-09-13 12:09:18 UTC	UFA 2025	Pools	Winners Round 1	1670441	2139331	2	0	N/A	N/A
2025-09-13 12:08:47 UTC	UFA 2025	Pools	Winners Round 1	3465084	3639957	2	0	Sagat	Jamie
2025-09-13 12:08:21 UTC	UFA 2025	Pools	Winners Round 1	3297257	3566257	2	0	N/A	N/A
2025-09-13 12:07:52 UTC	UFA 2025	Pools	Winners Round 1	3747010	3082905	2	0	E. Honda	Mai
2025-09-13 12:07:37 UTC	UFA 2025	Pools	Winners Round 1	2666635	3236939	2	0	N/A	N/A
2025-09-13 12:06:59 UTC	UFA 2025	Pools	Winners Round 1	846442	2345859	2	0	N/A	N/A
2025-09-13 12:06:47 UTC	UFA 2025	Pools	Winners Round 1	3302078	2995752	2	0	N/A	N/A
2025-09-13 12:03:56 UTC	UFA 2025	Pools	Winners Round 2	2080212	2051281	W (DQ/FF)	L (DQ/FF)	N/A	N/A
2025-09-13 11:47:34 UTC	UFA 2025	Pools	Losers Semi-Final	214100	360353	2	1	Terry	Ken
2025-09-13 11:42:03 UTC	UFA 2025	Pools	Losers Semi-Final	3942450	512988	2	0	N/A	N/A
2025-09-13 11:40:09 UTC	UFA 2025	Pools	Winners Final	3285802	547837	2	0	N/A	N/A
2025-09-13 11:39:09 UTC	UFA 2025	Pools	Winners Final	237340	1286590	2	0	N/A	N/A
2025-09-13 11:36:00 UTC	UFA 2025	Pools	Losers Quarter-Final	3942450	4070895	2	1	N/A	N/A
2025-09-13 11:31:17 UTC	UFA 2025	Pools	Losers Quarter-Final	360353	373640	2	0	Ken	Ken
2025-09-13 11:30:38 UTC	UFA 2025	Pools	Winners Final	141329	394851	2	0	N/A	N/A
2025-09-13 11:30:21 UTC	UFA 2025	Pools	Losers Quarter-Final	214100	174929	2	0	Terry	Sagat
2025-09-13 11:29:18 UTC	UFA 2025	Pools	Losers Semi-Final	2441054	4332082	2	0	N/A	N/A
2025-09-13 11:29:02 UTC	UFA 2025	Pools	Winners Final	349616	368377	2	0	N/A	N/A
2025-09-13 11:25:04 UTC	UFA 2025	Pools	Losers Round 5	4070895	693147	2	1	N/A	N/A
2025-09-13 11:23:49 UTC	UFA 2025	Pools	Losers Round 4	373640	3992153	2	0	Ken	Akuma
2025-09-13 11:23:43 UTC	UFA 2025	Pools	Losers Quarter-Final	512988	515017	2	1	N/A	N/A
2025-09-13 11:22:39 UTC	UFA 2025	Pools	Losers Round 4	174929	3475357	2	1	Sagat	E. Honda
2025-09-13 11:20:54 UTC	UFA 2025	Pools	Losers Quarter-Final	4332082	3581483	2	1	N/A	N/A
2025-09-13 11:19:57 UTC	UFA 2025	Pools	Winners Semi-Final	141329	3942450	2	0	N/A	N/A
2025-09-13 11:18:07 UTC	UFA 2025	Pools	Losers Quarter-Final	135910	390352	2	0	N/A	N/A
2025-09-13 11:17:20 UTC	UFA 2025	Pools	Losers Quarter-Final	240230	392721	2	0	N/A	N/A
2025-09-13 11:14:02 UTC	UFA 2025	Pools	Losers Round 4	4070895	4537119	2	0	N/A	N/A
2025-09-13 11:14:00 UTC	UFA 2025	Pools	Losers Quarter-Final	2441054	704675	2	0	N/A	N/A
2025-09-13 11:12:51 UTC	UFA 2025	Pools	Losers Round 5	515017	433734	2	1	N/A	N/A
2025-09-13 11:11:37 UTC	UFA 2025	Pools	Losers Round 5	390352	4901093	2	0	N/A	N/A
2025-09-13 11:09:24 UTC	UFA 2025	Pools	Winners Semi-Final	1286590	214100	2	0	N/A	N/A
2025-09-13 11:09:02 UTC	UFA 2025	Pools	Losers Round 3	174929	1902433	2	0	Sagat	M. Bison
2025-09-13 11:08:21 UTC	UFA 2025	Pools	Winners Semi-Final	237340	360353	2	0	Mai	Ken
2025-09-13 11:08:06 UTC	UFA 2025	Pools	Losers Round 5	4332082	323511	2	0	N/A	N/A
2025-09-13 11:07:43 UTC	UFA 2025	Pools	Losers Round 4	693147	3006590	2	0	N/A	N/A
2025-09-13 11:07:29 UTC	UFA 2025	Pools	Losers Round 5	704675	4132494	2	0	N/A	N/A
2025-09-13 11:05:58 UTC	UFA 2025	Pools	Losers Round 4	4901093	3564308	2	1	N/A	N/A
2025-09-13 11:05:58 UTC	UFA 2025	Pools	Losers Round 3	373640	1800901	2	0	Ken	Cammy
2025-09-13 11:05:34 UTC	UFA 2025	Pools	Losers Round 3	4537119	2235200	2	0	N/A	N/A
2025-09-13 11:05:30 UTC	UFA 2025	Pools	Losers Round 3	3992153	680072	2	0	Akuma	Blanka, M. Bison
2025-09-13 11:05:29 UTC	UFA 2025	Pools	Winners Semi-Final	3285802	2441054	2	1	N/A	N/A
2025-09-13 11:04:09 UTC	UFA 2025	Pools	Winners Semi-Final	394851	512988	2	0	N/A	N/A
2025-09-13 11:04:06 UTC	UFA 2025	Pools	Winners Semi-Final	368377	240230	2	0	N/A	N/A
2025-09-13 11:03:17 UTC	UFA 2025	Pools	Losers Round 5	392721	358846	2	0	N/A	N/A
2025-09-13 11:02:24 UTC	UFA 2025	Pools	Winners Semi-Final	349616	135910	2	0	N/A	N/A
2025-09-13 11:02:20 UTC	UFA 2025	Pools	Losers Round 4	433734	4399291	2	0	N/A	N/A
2025-09-13 11:01:37 UTC	UFA 2025	Pools	Losers Round 3	3475357	910808	2	1	E. Honda	Kimberly
2025-09-13 11:01:32 UTC	UFA 2025	Pools	Winners Semi-Final	547837	3581483	2	0	N/A	N/A
2025-09-13 10:59:47 UTC	UFA 2025	Pools	Losers Round 4	390352	1270287	2	1	N/A	N/A
2025-09-13 10:59:04 UTC	UFA 2025	Pools	Losers Round 4	4332082	3562746	2	1	N/A	N/A
2025-09-13 10:58:23 UTC	UFA 2025	Pools	Losers Round 4	4132494	861717	2	0	N/A	N/A
2025-09-13 10:57:29 UTC	UFA 2025	Pools	Losers Round 2	373640	3633613	2	0	Ken	JP
2025-09-13 10:57:28 UTC	UFA 2025	Pools	Losers Round 4	392721	3680521	2	0	N/A	N/A
2025-09-13 10:57:23 UTC	UFA 2025	Pools	Losers Round 2	4537119	1193582	2	0	N/A	N/A
2025-09-13 10:56:36 UTC	UFA 2025	Pools	Losers Round 2	680072	342336	2	0	M. Bison	Akuma
2025-09-13 10:55:33 UTC	UFA 2025	Pools	Losers Round 3	4901093	4546207	2	1	N/A	N/A
2025-09-13 10:55:16 UTC	UFA 2025	Pools	Losers Round 4	515017	1655716	2	0	N/A	N/A
2025-09-13 10:55:13 UTC	UFA 2025	Pools	Losers Round 4	323511	559963	2	0	N/A	N/A
2025-09-13 10:54:52 UTC	UFA 2025	Pools	Losers Round 4	358846	695513	2	0	N/A	N/A
2025-09-13 10:54:37 UTC	UFA 2025	Pools	Winners Quarter-Final	360353	174929	2	0	Ken	Jamie, Sagat
2025-09-13 10:53:58 UTC	UFA 2025	Pools	Losers Round 3	433734	3487353	2	0	N/A	N/A
2025-09-13 10:53:35 UTC	UFA 2025	Pools	Winners Quarter-Final	394851	693147	2	0	N/A	N/A
2025-09-13 10:53:28 UTC	UFA 2025	Pools	Losers Round 4	704675	2138515	2	0	N/A	N/A
2025-09-13 10:52:05 UTC	UFA 2025	Pools	Losers Round 3	3006590	1063421	2	1	N/A	N/A
2025-09-13 10:50:23 UTC	UFA 2025	Pools	Losers Round 3	390352	663672	2	0	N/A	N/A
2025-09-13 10:49:54 UTC	UFA 2025	Pools	Losers Round 3	515017	4267104	2	0	N/A	N/A
2025-09-13 10:49:49 UTC	UFA 2025	Pools	Losers Round 3	559963	3237099	2	1	N/A	N/A
2025-09-13 10:48:50 UTC	UFA 2025	Pools	Winners Quarter-Final	237340	3475357	2	0	Cammy	E. Honda
2025-09-13 10:48:23 UTC	UFA 2025	Pools	Losers Round 2	910808	4778774	2	0	Kimberly	Zangief
2025-09-13 10:48:01 UTC	UFA 2025	Pools	Winners Quarter-Final	2441054	4332082	2	1	N/A	N/A
2025-09-13 10:47:33 UTC	UFA 2025	Pools	Losers Round 3	695513	2975284	2	0	N/A	N/A
2025-09-13 10:47:29 UTC	UFA 2025	Pools	Losers Round 2	1902433	698597	2	0	M. Bison	JP
2025-09-13 10:47:25 UTC	UFA 2025	Pools	Losers Round 2	433734	1077841	2	0	N/A	N/A
2025-09-13 10:46:52 UTC	UFA 2025	Pools	Losers Round 1	3633613	468825	2	0	JP	Ryu
2025-09-13 10:46:25 UTC	UFA 2025	Pools	Winners Quarter-Final	240230	3564308	2	0	N/A	N/A
2025-09-13 10:45:58 UTC	UFA 2025	Pools	Winners Quarter-Final	368377	1270287	2	0	N/A	N/A
2025-09-13 10:45:51 UTC	UFA 2025	Pools	Losers Round 1	342336	173506	W (DQ/FF)	L (DQ/FF)	N/A	N/A
2025-09-13 10:45:49 UTC	UFA 2025	Pools	Losers Round 3	2138515	251230	2	0	N/A	N/A
2025-09-13 10:45:12 UTC	UFA 2025	Pools	Winners Quarter-Final	1286590	1800901	2	0	A.K.I.	Cammy
2025-09-13 10:44:35 UTC	UFA 2025	Pools	Winners Quarter-Final	214100	3992153	2	0	Terry	Akuma
2025-09-13 10:44:13 UTC	UFA 2025	Pools	Losers Round 3	3680521	1511391	2	0	N/A	N/A
2025-09-13 10:43:58 UTC	UFA 2025	Pools	Losers Round 3	861717	4012725	2	1	N/A	N/A
2025-09-13 10:43:45 UTC	UFA 2025	Pools	Winners Quarter-Final	547837	704675	2	0	N/A	N/A
2025-09-13 10:43:29 UTC	UFA 2025	Pools	Losers Round 1	680072	1316217	2	1	Blanka, Dee Jay	Ken
2025-09-13 10:42:09 UTC	UFA 2025	Pools	Losers Round 3	3562746	780559	2	1	N/A	N/A
2025-09-13 10:41:28 UTC	UFA 2025	Pools	Losers Round 1	4778774	1036498	W (DQ/FF)	L (DQ/FF)	N/A	N/A
2025-09-13 10:40:40 UTC	UFA 2025	Pools	Losers Round 2	390352	1027730	2	0	N/A	N/A
2025-09-13 10:40:31 UTC	UFA 2025	Pools	Losers Round 2	4546207	4339932	2	0	N/A	N/A
2025-09-13 10:40:25 UTC	UFA 2025	Pools	Losers Round 2	515017	4931103	2	0	N/A	N/A
2025-09-13 10:39:14 UTC	UFA 2025	Pools	Winners Round 2	3475357	468825	2	0	E. Honda	Ryu
2025-09-13 10:38:51 UTC	UFA 2025	Pools	Losers Round 1	698597	1434124	2	0	JP	Cammy
2025-09-13 10:38:23 UTC	UFA 2025	Pools	Winners Quarter-Final	135910	358846	2	1	N/A	N/A
2025-09-13 10:38:19 UTC	UFA 2025	Pools	Losers Round 2	251230	4292803	W (DQ/FF)	L (DQ/FF)	N/A	N/A
2025-09-13 10:38:00 UTC	UFA 2025	Pools	Losers Round 2	559963	4906328	2	0	N/A	N/A
2025-09-13 10:37:30 UTC	UFA 2025	Pools	Winners Round 2	360353	342336	2	0	N/A	N/A
2025-09-13 10:37:23 UTC	UFA 2025	Pools	Winners Quarter-Final	3285802	323511	2	0	N/A	N/A
2025-09-13 10:37:06 UTC	UFA 2025	Pools	Winners Quarter-Final	349616	392721	2	1	N/A	N/A
2025-09-13 10:36:57 UTC	UFA 2025	Pools	Losers Round 2	2138515	979385	W (DQ/FF)	L (DQ/FF)	N/A	N/A
2025-09-13 10:36:11 UTC	UFA 2025	Pools	Winners Quarter-Final	512988	4070895	2	0	N/A	N/A
2025-09-13 10:35:53 UTC	UFA 2025	Pools	Winners Quarter-Final	3942450	1655716	2	0	N/A	N/A
2025-09-13 10:35:43 UTC	UFA 2025	Pools	Winners Quarter-Final	3581483	4132494	2	0	N/A	N/A
2025-09-13 10:35:36 UTC	UFA 2025	Pools	Losers Round 2	2975284	4725500	W (DQ/FF)	L (DQ/FF)	N/A	N/A
2025-09-13 10:35:30 UTC	UFA 2025	Pools	Losers Round 2	3006590	244048	2	0	N/A	N/A
2025-09-13 10:35:14 UTC	UFA 2025	Pools	Losers Round 2	1511391	4140693	W (DQ/FF)	L (DQ/FF)	N/A	N/A
2025-09-13 10:34:47 UTC	UFA 2025	Pools	Losers Round 1	1902433	3391825	2	0	M. Bison	Sagat
2025-09-13 10:34:37 UTC	UFA 2025	Pools	Losers Round 1	1027730	4928645	W (DQ/FF)	L (DQ/FF)	N/A	N/A
2025-09-13 10:34:12 UTC	UFA 2025	Pools	Losers Round 2	4267104	2124652	2	1	N/A	N/A
2025-09-13 10:33:52 UTC	UFA 2025	Pools	Winners Round 2	1270287	4140693	W (DQ/FF)	L (DQ/FF)	N/A	N/A
2025-09-13 10:33:27 UTC	UFA 2025	Pools	Winners Quarter-Final	141329	4399291	2	0	N/A	N/A
2025-09-13 10:33:13 UTC	UFA 2025	Pools	Losers Round 2	4901093	1007004	2	1	N/A	N/A
2025-09-13 10:33:06 UTC	UFA 2025	Pools	Winners Round 2	693147	433734	2	0	N/A	N/A
2025-09-13 10:32:58 UTC	UFA 2025	Pools	Losers Round 1	910808	2348712	2	0	Kimberly	Rashid
2025-09-13 10:32:53 UTC	UFA 2025	Pools	Losers Round 2	861717	4789858	2	0	N/A	N/A
2025-09-13 10:32:50 UTC	UFA 2025	Pools	Losers Round 2	3680521	2421758	2	0	N/A	N/A
2025-09-13 10:32:19 UTC	UFA 2025	Pools	Winners Round 2	2441054	2138515	2	0	N/A	N/A
2025-09-13 10:32:09 UTC	UFA 2025	Pools	Losers Round 2	663672	3238773	2	0	N/A	N/A
2025-09-13 10:31:59 UTC	UFA 2025	Pools	Winners Round 2	3564308	2975284	2	0	N/A	N/A
2025-09-13 10:31:49 UTC	UFA 2025	Pools	Losers Round 2	695513	4550906	2	0	N/A	N/A
2025-09-13 10:31:45 UTC	UFA 2025	Pools	Winners Round 1	468825	1434124	2	0	Ryu	Cammy
2025-09-13 10:31:43 UTC	UFA 2025	Pools	Losers Round 1	4931103	3494173	2	1	N/A	N/A
2025-09-13 10:31:25 UTC	UFA 2025	Pools	Losers Round 2	3237099	679310	W (DQ/FF)	L (DQ/FF)	N/A	N/A
2025-09-13 10:31:13 UTC	UFA 2025	Pools	Losers Round 1	3237099	1405913	2	0	N/A	N/A
2025-09-13 10:31:09 UTC	UFA 2025	Pools	Losers Round 2	3562746	1837722	W	L	N/A	N/A
2025-09-13 10:30:52 UTC	UFA 2025	Pools	Losers Round 2	3487353	3953075	2	0	N/A	N/A
2025-09-13 10:30:13 UTC	UFA 2025	Pools	Losers Round 1	373640	2671818	2	0	Ken	Kimberly
2025-09-13 10:29:49 UTC	UFA 2025	Pools	Winners Round 2	1286590	4778774	2	0	A.K.I.	Zangief
2025-09-13 10:29:12 UTC	UFA 2025	Pools	Losers Round 2	2235200	2435668	W (DQ/FF)	L (DQ/FF)	N/A	N/A
2025-09-13 10:28:50 UTC	UFA 2025	Pools	Winners Round 2	4132494	4906328	2	0	N/A	N/A
2025-09-13 10:28:39 UTC	UFA 2025	Pools	Losers Round 2	780559	1630838	2	1	N/A	N/A
2025-09-13 10:27:29 UTC	UFA 2025	Pools	Winners Round 2	3992153	1902433	2	1	Akuma	M. Bison
2025-09-13 10:26:25 UTC	UFA 2025	Pools	Winners Round 2	3942450	1193582	2	0	N/A	N/A
2025-09-13 10:26:19 UTC	UFA 2025	Pools	Winners Round 2	1800901	2348712	2	1	Cammy	Rashid
2025-09-13 10:26:14 UTC	UFA 2025	Pools	Winners Round 2	4332082	251230	2	0	N/A	N/A
2025-09-13 10:26:08 UTC	UFA 2025	Pools	Losers Round 2	1063421	4734578	2	0	N/A	N/A
2025-09-13 10:25:55 UTC	UFA 2025	Pools	Winners Round 2	4399291	244048	2	0	N/A	N/A
2025-09-13 10:25:13 UTC	UFA 2025	Pools	Winners Round 2	323511	861717	2	0	N/A	N/A
2025-09-13 10:25:05 UTC	UFA 2025	Pools	Winners Round 2	349616	390352	2	0	N/A	N/A
2025-09-13 10:25:02 UTC	UFA 2025	Pools	Winners Round 2	214100	698597	2	1	Terry	JP
2025-09-13 10:24:41 UTC	UFA 2025	Pools	Losers Round 2	4012725	3671770	2	0	N/A	N/A
2025-09-13 10:24:20 UTC	UFA 2025	Pools	Winners Round 2	512988	515017	2	0	N/A	N/A
2025-09-13 10:23:36 UTC	UFA 2025	Pools	Winners Round 1	3564308	1027730	2	0	N/A	N/A
2025-09-13 10:23:29 UTC	UFA 2025	Pools	Winners Round 2	394851	3487353	2	0	N/A	N/A
2025-09-13 10:22:59 UTC	UFA 2025	Pools	Winners Round 1	433734	4537119	2	1	N/A	N/A
2025-09-13 10:21:56 UTC	UFA 2025	Pools	Winners Round 2	1655716	2435668	W (DQ/FF)	L (DQ/FF)	N/A	N/A
2025-09-13 10:21:40 UTC	UFA 2025	Pools	Winners Round 2	174929	680072	2	0	Sagat	M. Bison
2025-09-13 10:21:39 UTC	UFA 2025	Pools	Winners Round 2	4070895	4267104	2	1	N/A	N/A
2025-09-13 10:21:19 UTC	UFA 2025	Pools	Winners Round 2	368377	3680521	2	1	N/A	N/A
2025-09-13 10:20:59 UTC	UFA 2025	Pools	Winners Round 2	704675	1630838	2	0	N/A	N/A
2025-09-13 10:20:41 UTC	UFA 2025	Pools	Winners Round 2	3581483	679310	W (DQ/FF)	L (DQ/FF)	N/A	N/A
2025-09-13 10:20:13 UTC	UFA 2025	Pools	Winners Round 2	237340	2671818	2	0	Cammy	Kimberly
2025-09-13 10:19:58 UTC	UFA 2025	Pools	Winners Round 1	4906328	979385	W (DQ/FF)	L (DQ/FF)	N/A	N/A
2025-09-13 10:19:45 UTC	UFA 2025	Pools	Winners Round 2	135910	1007004	2	0	N/A	N/A
2025-09-13 10:19:35 UTC	UFA 2025	Pools	Winners Round 1	679310	4292803	W (DQ/FF)	L (DQ/FF)	N/A	N/A
2025-09-13 10:19:18 UTC	UFA 2025	Pools	Winners Round 1	1193582	1077841	2	0	N/A	N/A
2025-09-13 10:19:17 UTC	UFA 2025	Pools	Winners Round 1	4778774	173506	W (DQ/FF)	L (DQ/FF)	N/A	N/A
2025-09-13 10:18:49 UTC	UFA 2025	Pools	Winners Round 1	342336	1036498	W (DQ/FF)	L (DQ/FF)	N/A	N/A
2025-09-13 10:18:21 UTC	UFA 2025	Pools	Winners Round 2	358846	4546207	2	0	N/A	N/A
2025-09-13 10:18:08 UTC	UFA 2025	Pools	Winners Round 2	141329	1063421	2	0	N/A	N/A
2025-09-13 10:18:02 UTC	UFA 2025	Pools	Winners Round 2	547837	3562746	2	0	N/A	N/A
2025-09-13 10:17:57 UTC	UFA 2025	Pools	Winners Round 2	3285802	4012725	2	0	N/A	N/A
2025-09-13 10:17:29 UTC	UFA 2025	Pools	Winners Round 1	244048	3494173	2	1	N/A	N/A
2025-09-13 10:16:48 UTC	UFA 2025	Pools	Winners Round 2	392721	663672	2	0	N/A	N/A
2025-09-13 10:16:14 UTC	UFA 2025	Pools	Winners Round 2	240230	695513	2	0	N/A	N/A
2025-09-13 10:15:18 UTC	UFA 2025	Pools	Winners Round 1	1630838	3671770	2	0	N/A	N/A
2025-09-13 10:15:03 UTC	UFA 2025	Pools	Winners Round 1	515017	3006590	2	0	N/A	N/A
2025-09-13 10:14:40 UTC	UFA 2025	Pools	Winners Round 1	390352	4725500	W (DQ/FF)	L (DQ/FF)	N/A	N/A
2025-09-13 10:14:23 UTC	UFA 2025	Pools	Winners Round 1	2975284	4928645	W (DQ/FF)	L (DQ/FF)	N/A	N/A
2025-09-13 10:14:13 UTC	UFA 2025	Pools	Winners Round 1	861717	1837722	W	L	N/A	N/A
2025-09-13 10:14:08 UTC	UFA 2025	Pools	Winners Round 1	3992153	373640	2	1	Akuma	Ken
2025-09-13 10:13:28 UTC	UFA 2025	Pools	Winners Round 1	3487353	2235200	2	0	N/A	N/A
2025-09-13 10:13:13 UTC	UFA 2025	Pools	Winners Round 1	1655716	3953075	2	0	N/A	N/A
2025-09-13 10:13:05 UTC	UFA 2025	Pools	Winners Round 1	1270287	4901093	2	1	N/A	N/A
2025-09-13 10:12:34 UTC	UFA 2025	Pools	Winners Round 1	4267104	4734578	2	0	N/A	N/A
2025-09-13 10:12:24 UTC	UFA 2025	Pools	Winners Round 1	3680521	4339932	2	1	N/A	N/A
2025-09-13 10:12:03 UTC	UFA 2025	Pools	Winners Round 1	251230	3237099	2	0	N/A	N/A
2025-09-13 10:11:53 UTC	UFA 2025	Pools	Winners Round 1	680072	910808	2	0	Blanka	Kimberly
2025-09-13 10:11:26 UTC	UFA 2025	Pools	Winners Round 1	4546207	2421758	2	0	N/A	N/A
2025-09-13 10:11:26 UTC	UFA 2025	Pools	Winners Round 1	4012725	780559	2	0	N/A	N/A
2025-09-13 10:11:06 UTC	UFA 2025	Pools	Winners Round 1	1063421	2124652	2	0	N/A	N/A
2025-09-13 10:11:05 UTC	UFA 2025	Pools	Winners Round 1	698597	3633613	2	0	JP	JP
2025-09-13 10:10:40 UTC	UFA 2025	Pools	Winners Round 1	2671818	3391825	2	0	Kimberly	Sagat
2025-09-13 10:10:27 UTC	UFA 2025	Pools	Winners Round 1	4332082	1405913	2	0	N/A	N/A
2025-09-13 10:10:18 UTC	UFA 2025	Pools	Winners Round 1	2138515	559963	2	0	N/A	N/A
2025-09-13 10:09:41 UTC	UFA 2025	Pools	Winners Round 1	4399291	4931103	2	0	N/A	N/A
2025-09-13 10:09:10 UTC	UFA 2025	Pools	Winners Round 1	2348712	1316217	2	0	Rashid	Ken
2025-09-13 10:09:00 UTC	UFA 2025	Pools	Winners Round 1	1007004	1511391	2	0	N/A	N/A
2025-09-13 10:08:43 UTC	UFA 2025	Pools	Winners Final	3310490	314715	2	0	N/A	N/A
2025-09-13 10:08:36 UTC	UFA 2025	Pools	Winners Round 1	663672	4550906	2	0	N/A	N/A
2025-09-13 10:08:10 UTC	UFA 2025	Pools	Winners Round 1	3562746	4789858	2	0	N/A	N/A
2025-09-13 10:05:31 UTC	UFA 2025	Pools	Winners Round 1	695513	3238773	2	0	N/A	N/A
2025-09-13 10:05:11 UTC	UFA 2025	Pools	Winners Final	3705249	2360463	2	0	N/A	N/A
2025-09-13 10:01:21 UTC	UFA 2025	Pools	Winners Final	3757151	3302352	2	0	N/A	N/A
2025-09-13 09:58:05 UTC	UFA 2025	Pools	Losers Semi-Final	4295277	1340131	2	1	N/A	N/A
2025-09-13 09:57:36 UTC	UFA 2025	Pools	Losers Semi-Final	669621	2243649	2	1	N/A	N/A
2025-09-13 09:52:21 UTC	UFA 2025	Pools	Winners Final	401790	1455289	2	1	N/A	N/A
2025-09-13 09:52:12 UTC	UFA 2025	Pools	Losers Semi-Final	1940083	2847775	2	1	N/A	N/A
2025-09-13 09:50:52 UTC	UFA 2025	Pools	Losers Semi-Final	3640543	1436915	2	0	N/A	N/A
2025-09-13 09:48:01 UTC	UFA 2025	Pools	Losers Quarter-Final	2243649	949264	2	0	N/A	N/A
2025-09-13 09:44:09 UTC	UFA 2025	Pools	Losers Quarter-Final	4295277	4358241	2	1	N/A	N/A
2025-09-13 09:42:45 UTC	UFA 2025	Pools	Losers Quarter-Final	1436915	1231457	2	0	N/A	N/A
2025-09-13 09:40:16 UTC	UFA 2025	Pools	Losers Quarter-Final	669621	988150	2	0	N/A	N/A
2025-09-13 09:35:28 UTC	UFA 2025	Pools	Losers Round 5	2243649	661056	2	1	N/A	N/A
2025-09-13 09:34:11 UTC	UFA 2025	Pools	Losers Round 5	1231457	1964248	2	0	N/A	N/A
2025-09-13 09:33:47 UTC	UFA 2025	Pools	Losers Quarter-Final	1340131	3601387	2	0	N/A	N/A
2025-09-13 09:32:53 UTC	UFA 2025	Pools	Losers Quarter-Final	1940083	1802628	2	1	N/A	N/A
2025-09-13 09:32:21 UTC	UFA 2025	Pools	Losers Quarter-Final	2847775	131806	2	1	N/A	N/A
2025-09-13 09:30:39 UTC	UFA 2025	Pools	Winners Semi-Final	1455289	669621	2	0	N/A	N/A
2025-09-13 09:30:04 UTC	UFA 2025	Pools	Losers Round 4	4358241	3926522	2	0	N/A	N/A
2025-09-13 09:28:25 UTC	UFA 2025	Pools	Losers Quarter-Final	3640543	3770133	2	1	N/A	N/A
2025-09-13 09:27:30 UTC	UFA 2025	Pools	Losers Round 5	988150	3589689	2	0	N/A	N/A
2025-09-13 09:24:32 UTC	UFA 2025	Pools	Losers Round 4	1964248	3114588	2	0	N/A	N/A
2025-09-13 09:23:47 UTC	UFA 2025	Pools	Losers Round 4	3601387	3487397	2	0	N/A	N/A
2025-09-13 09:21:58 UTC	UFA 2025	Pools	Winners Semi-Final	3757151	1436915	2	0	N/A	N/A
2025-09-13 09:21:49 UTC	UFA 2025	Pools	Losers Round 5	2847775	2970094	2	0	N/A	N/A
2025-09-13 09:21:06 UTC	UFA 2025	Pools	Winners Semi-Final	3705249	4295277	2	1	N/A	N/A
2025-09-13 09:20:34 UTC	UFA 2025	Pools	Losers Round 5	1802628	1002045	2	1	N/A	N/A
2025-09-13 09:20:30 UTC	UFA 2025	Pools	Losers Round 3	4358241	942977	2	0	N/A	N/A
2025-09-13 09:20:07 UTC	UFA 2025	Pools	Losers Round 4	661056	243386	2	0	N/A	N/A
2025-09-13 09:19:51 UTC	UFA 2025	Pools	Losers Round 4	3589689	1222237	W	L	N/A	N/A
2025-09-13 09:18:27 UTC	UFA 2025	Pools	Winners Semi-Final	401790	949264	2	0	N/A	N/A
2025-09-13 09:17:57 UTC	UFA 2025	Pools	Losers Round 5	3770133	3759959	2	0	N/A	N/A
2025-09-13 09:17:53 UTC	UFA 2025	Pools	Winners Semi-Final	2360463	1340131	2	0	N/A	N/A
2025-09-13 09:17:07 UTC	UFA 2025	Pools	Winners Semi-Final	3302352	3640543	2	1	N/A	N/A
2025-09-13 09:17:00 UTC	UFA 2025	Pools	Winners Semi-Final	3310490	131806	2	0	N/A	N/A
2025-09-13 09:16:32 UTC	UFA 2025	Pools	Losers Round 3	3601387	3417237	2	0	N/A	N/A
2025-09-13 09:15:18 UTC	UFA 2025	Pools	Losers Round 3	1964248	2138138	2	0	N/A	N/A
2025-09-13 09:14:26 UTC	UFA 2025	Pools	Winners Semi-Final	314715	1940083	2	0	N/A	N/A
2025-09-13 09:13:40 UTC	UFA 2025	Pools	Losers Round 3	243386	870929	2	1	N/A	N/A
2025-09-13 09:10:55 UTC	UFA 2025	Pools	Winners Quarter-Final	401790	3589689	2	0	N/A	N/A
2025-09-13 09:10:18 UTC	UFA 2025	Pools	Losers Round 4	1802628	4271567	2	0	N/A	N/A
2025-09-13 09:10:07 UTC	UFA 2025	Pools	Losers Round 4	3770133	1089603	2	0	N/A	N/A
2025-09-13 09:09:41 UTC	UFA 2025	Pools	Losers Round 4	1231457	3615132	2	0	N/A	N/A
2025-09-13 09:08:21 UTC	UFA 2025	Pools	Losers Round 3	3487397	978721	2	1	N/A	N/A
2025-09-13 09:06:45 UTC	UFA 2025	Pools	Losers Round 4	988150	4733960	2	0	N/A	N/A
2025-09-13 09:05:33 UTC	UFA 2025	Pools	Losers Round 2	4358241	4194563	2	0	N/A	N/A
2025-09-13 09:05:32 UTC	UFA 2025	Pools	Losers Round 4	2243649	4513551	2	0	N/A	N/A
2025-09-13 09:05:18 UTC	UFA 2025	Pools	Losers Round 4	2847775	862132	2	0	N/A	N/A
2025-09-13 09:04:22 UTC	UFA 2025	Pools	Losers Round 4	1002045	3760301	2	1	N/A	N/A
2025-09-13 09:02:48 UTC	UFA 2025	Pools	Losers Round 4	2970094	3055366	2	0	N/A	N/A
2025-09-13 09:02:33 UTC	UFA 2025	Pools	Losers Round 2	870929	3257091	2	0	N/A	N/A
2025-09-13 09:01:03 UTC	UFA 2025	Pools	Losers Round 3	4271567	1856829	2	0	N/A	N/A
2025-09-13 09:00:40 UTC	UFA 2025	Pools	Losers Round 4	3759959	678097	2	0	N/A	N/A
2025-09-13 09:00:34 UTC	UFA 2025	Pools	Winners Quarter-Final	3705249	3417237	2	0	N/A	N/A
2025-09-13 08:59:45 UTC	UFA 2025	Pools	Losers Round 3	2243649	4629137	2	0	N/A	N/A
2025-09-13 08:59:39 UTC	UFA 2025	Pools	Losers Round 3	3615132	845607	2	0	N/A	N/A
2025-09-13 08:59:12 UTC	UFA 2025	Pools	Losers Round 3	1222237	2880026	W	L	N/A	N/A
2025-09-13 08:59:01 UTC	UFA 2025	Pools	Losers Round 1	4358241	4844095	2	1	N/A	N/A
2025-09-13 08:58:43 UTC	UFA 2025	Pools	Losers Round 2	243386	3914192	W (DQ/FF)	L (DQ/FF)	N/A	N/A
2025-09-13 08:58:25 UTC	UFA 2025	Pools	Losers Round 3	3770133	3137739	2	1	N/A	N/A
2025-09-13 08:58:12 UTC	UFA 2025	Pools	Losers Round 3	862132	3900893	2	0	N/A	N/A
2025-09-13 08:57:11 UTC	UFA 2025	Pools	Losers Round 3	988150	2054867	2	0	N/A	N/A
2025-09-13 08:56:41 UTC	UFA 2025	Pools	Losers Round 2	3601387	3565785	2	0	N/A	N/A
2025-09-13 08:56:30 UTC	UFA 2025	Pools	Losers Round 3	3760301	3596199	2	0	N/A	N/A
2025-09-13 08:56:14 UTC	UFA 2025	Pools	Losers Round 2	1964248	1566587	W (DQ/FF)	L (DQ/FF)	N/A	N/A
2025-09-13 08:56:13 UTC	UFA 2025	Pools	Winners Quarter-Final	2360463	942977	2	0	N/A	N/A
2025-09-13 08:55:11 UTC	UFA 2025	Pools	Winners Quarter-Final	1455289	4513551	2	0	N/A	N/A
2025-09-13 08:54:40 UTC	UFA 2025	Pools	Winners Round 2	401790	870929	2	0	N/A	N/A
2025-09-13 08:54:26 UTC	UFA 2025	Pools	Winners Quarter-Final	1940083	2847775	2	0	N/A	N/A
2025-09-13 08:54:23 UTC	UFA 2025	Pools	Winners Quarter-Final	1436915	1089603	2	0	N/A	N/A
2025-09-13 08:54:08 UTC	UFA 2025	Pools	Winners Quarter-Final	949264	4733960	2	0	N/A	N/A
2025-09-13 08:53:38 UTC	UFA 2025	Pools	Losers Round 3	2970094	847992	2	0	N/A	N/A
2025-09-13 08:53:35 UTC	UFA 2025	Pools	Losers Round 2	3487397	2117568	2	0	N/A	N/A
2025-09-13 08:53:22 UTC	UFA 2025	Pools	Winners Quarter-Final	3640543	3114588	2	1	N/A	N/A
2025-09-13 08:53:13 UTC	UFA 2025	Pools	Winners Quarter-Final	314715	3055366	2	0	N/A	N/A
2025-09-13 08:52:58 UTC	UFA 2025	Pools	Losers Round 3	3926522	606247	2	0	N/A	N/A
2025-09-13 08:52:39 UTC	UFA 2025	Pools	Winners Quarter-Final	3302352	1231457	2	1	N/A	N/A
2025-09-13 08:52:12 UTC	UFA 2025	Pools	Winners Quarter-Final	3310490	1802628	2	0	N/A	N/A
2025-09-13 08:52:02 UTC	UFA 2025	Pools	Losers Round 3	678097	4325308	2	1	N/A	N/A
2025-09-13 08:51:59 UTC	UFA 2025	Pools	Losers Round 2	2243649	2379598	2	0	N/A	N/A
2025-09-13 08:51:56 UTC	UFA 2025	Pools	Winners Quarter-Final	131806	1002045	2	0	N/A	N/A
2025-09-13 08:51:38 UTC	UFA 2025	Pools	Winners Quarter-Final	4295277	978721	2	0	N/A	N/A
2025-09-13 08:51:11 UTC	UFA 2025	Pools	Losers Round 2	2054867	4285026	2	1	N/A	N/A
2025-09-13 08:50:53 UTC	UFA 2025	Pools	Losers Round 2	845607	3926212	2	1	N/A	N/A
2025-09-13 08:50:18 UTC	UFA 2025	Pools	Winners Quarter-Final	669621	661056	2	0	N/A	N/A
2025-09-13 08:49:40 UTC	UFA 2025	Pools	Losers Round 1	3601387	2125013	2	0	N/A	N/A
2025-09-13 08:49:37 UTC	UFA 2025	Pools	Losers Round 1	3565785	2488778	2	1	N/A	N/A
2025-09-13 08:49:21 UTC	UFA 2025	Pools	Winners Quarter-Final	3757151	3759959	2	0	N/A	N/A
2025-09-13 08:48:26 UTC	UFA 2025	Pools	Winners Round 2	3705249	4358241	2	1	N/A	N/A
2025-09-13 08:48:18 UTC	UFA 2025	Pools	Losers Round 2	3760301	4378493	2	1	N/A	N/A
2025-09-13 08:47:49 UTC	UFA 2025	Pools	Losers Round 1	3257091	4549590	W (DQ/FF)	L (DQ/FF)	N/A	N/A
2025-09-13 08:47:37 UTC	UFA 2025	Pools	Losers Round 2	3770133	4845228	2	0	N/A	N/A
2025-09-13 08:47:28 UTC	UFA 2025	Pools	Losers Round 2	2880026	2375655	2	0	N/A	N/A
2025-09-13 08:47:23 UTC	UFA 2025	Pools	Losers Round 2	2970094	1125543	2	1	N/A	N/A
2025-09-13 08:45:32 UTC	UFA 2025	Pools	Losers Round 2	862132	3627782	2	1	N/A	N/A
2025-09-13 08:45:01 UTC	UFA 2025	Pools	Losers Round 2	3615132	3615891	2	1	N/A	N/A
2025-09-13 08:44:37 UTC	UFA 2025	Pools	Winners Round 2	2360463	3601387	2	1	N/A	N/A
2025-09-13 08:44:30 UTC	UFA 2025	Pools	Winners Round 2	4733960	2243649	2	0	N/A	N/A
2025-09-13 08:43:26 UTC	UFA 2025	Pools	Losers Round 1	2117568	936995	2	0	N/A	N/A
2025-09-13 08:43:01 UTC	UFA 2025	Pools	Losers Round 2	1222237	4267495	W	L	N/A	N/A
2025-09-13 08:42:53 UTC	UFA 2025	Pools	Losers Round 2	2138138	3651381	2	0	N/A	N/A
2025-09-13 08:42:27 UTC	UFA 2025	Pools	Losers Round 2	4325308	1000253	2	1	N/A	N/A
2025-09-13 08:42:09 UTC	UFA 2025	Pools	Losers Round 2	4271567	579598	2	0	N/A	N/A
2025-09-13 08:40:25 UTC	UFA 2025	Pools	Winners Quarter-Final	1340131	3926522	2	0	N/A	N/A
2025-09-13 08:40:19 UTC	UFA 2025	Pools	Winners Round 2	3589689	243386	2	1	N/A	N/A
2025-09-13 08:39:58 UTC	UFA 2025	Pools	Losers Round 2	678097	3445842	W (DQ/FF)	L (DQ/FF)	N/A	N/A
2025-09-13 08:39:29 UTC	UFA 2025	Pools	Losers Round 2	606247	370763	2	0	N/A	N/A
2025-09-13 08:39:25 UTC	UFA 2025	Pools	Losers Round 2	3137739	4046956	W (DQ/FF)	L (DQ/FF)	N/A	N/A
2025-09-13 08:39:09 UTC	UFA 2025	Pools	Losers Round 2	847992	3070845	2	1	N/A	N/A
2025-09-13 08:38:54 UTC	UFA 2025	Pools	Losers Round 2	4629137	794466	2	0	N/A	N/A
2025-09-13 08:38:46 UTC	UFA 2025	Pools	Losers Round 2	3596199	2878905	2	0	N/A	N/A
2025-09-13 08:38:39 UTC	UFA 2025	Pools	Winners Round 2	942977	2488778	2	0	N/A	N/A
2025-09-13 08:36:48 UTC	UFA 2025	Pools	Losers Round 2	1856829	3354033	W (DQ/FF)	L (DQ/FF)	N/A	N/A
2025-09-13 08:36:24 UTC	UFA 2025	Pools	Losers Round 2	3900893	152834	W (DQ/FF)	L (DQ/FF)	N/A	N/A
2025-09-13 08:36:13 UTC	UFA 2025	Pools	Losers Round 1	2138138	864472	2	0	N/A	N/A
2025-09-13 08:35:39 UTC	UFA 2025	Pools	Winners Round 2	3759959	3926212	2	0	N/A	N/A
2025-09-13 08:35:01 UTC	UFA 2025	Pools	Winners Round 2	669621	2880026	2	0	N/A	N/A
2025-09-13 08:34:37 UTC	UFA 2025	Pools	Winners Round 2	1002045	3900893	2	0	N/A	N/A
2025-09-13 08:34:06 UTC	UFA 2025	Pools	Losers Round 1	862132	182430	2	1	N/A	N/A
2025-09-13 08:33:40 UTC	UFA 2025	Pools	Winners Round 2	661056	1222237	W	L	N/A	N/A
2025-09-13 08:33:26 UTC	UFA 2025	Pools	Winners Round 2	3640543	3770133	2	0	N/A	N/A
2025-09-13 08:33:01 UTC	UFA 2025	Pools	Winners Round 2	4513551	2054867	2	1	N/A	N/A
2025-09-13 08:32:55 UTC	UFA 2025	Pools	Winners Round 2	3055366	1856829	2	0	N/A	N/A
2025-09-13 08:32:53 UTC	UFA 2025	Pools	Winners Round 1	4358241	936995	2	0	N/A	N/A
2025-09-13 08:32:28 UTC	UFA 2025	Pools	Winners Round 2	131806	3627782	2	0	N/A	N/A
2025-09-13 08:32:20 UTC	UFA 2025	Pools	Winners Round 2	1089603	1964248	W (DQ/FF)	L (DQ/FF)	N/A	N/A
2025-09-13 08:31:33 UTC	UFA 2025	Pools	Winners Round 1	4733960	4267495	2	0	N/A	N/A
2025-09-13 08:31:09 UTC	UFA 2025	Pools	Winners Round 2	1940083	4378493	2	1	N/A	N/A
2025-09-13 08:30:58 UTC	UFA 2025	Pools	Losers Round 1	606247	1265696	W (DQ/FF)	L (DQ/FF)	N/A	N/A
2025-09-13 08:30:53 UTC	UFA 2025	Pools	Winners Round 1	3601387	606247	3	0	N/A	N/A
2025-09-13 08:30:43 UTC	UFA 2025	Pools	Losers Round 1	3487397	3842357	2	0	N/A	N/A
2025-09-13 08:29:40 UTC	UFA 2025	Pools	Winners Round 2	2847775	3596199	2	0	N/A	N/A
2025-09-13 08:29:21 UTC	UFA 2025	Pools	Winners Round 2	3757151	3615132	2	0	N/A	N/A
2025-09-13 08:28:55 UTC	UFA 2025	Pools	Winners Round 2	3310490	1125543	2	1	N/A	N/A
2025-09-13 08:28:38 UTC	UFA 2025	Pools	Winners Round 1	2880026	794466	2	0	N/A	N/A
2025-09-13 08:28:18 UTC	UFA 2025	Pools	Winners Round 2	949264	4629137	2	0	N/A	N/A
2025-09-13 08:27:10 UTC	UFA 2025	Pools	Winners Round 2	314715	579598	2	0	N/A	N/A
2025-09-13 08:25:24 UTC	UFA 2025	Pools	Winners Round 1	3900893	4271567	2	0	N/A	N/A
2025-09-13 08:25:11 UTC	UFA 2025	Pools	Winners Round 2	1436915	3651381	2	0	N/A	N/A
2025-09-13 08:24:07 UTC	UFA 2025	Pools	Winners Round 1	3926212	4046956	W (DQ/FF)	L (DQ/FF)	N/A	N/A
2025-09-13 08:23:17 UTC	UFA 2025	Pools	Winners Round 2	1802628	847992	2	0	N/A	N/A
2025-09-13 08:23:14 UTC	UFA 2025	Pools	Winners Round 2	1231457	3445842	W (DQ/FF)	L (DQ/FF)	N/A	N/A
2025-09-13 08:22:51 UTC	UFA 2025	Pools	Winners Round 1	3627782	3354033	2	0	N/A	N/A
2025-09-13 08:22:29 UTC	UFA 2025	Pools	Winners Round 1	870929	4285026	2	0	N/A	N/A
2025-09-13 08:22:26 UTC	UFA 2025	Pools	Losers Round 2	988150	32894	W (DQ/FF)	L (DQ/FF)	N/A	N/A
2025-09-13 08:22:06 UTC	UFA 2025	Pools	Winners Round 1	3596199	3070845	2	0	N/A	N/A
2025-09-13 08:21:38 UTC	UFA 2025	Pools	Winners Round 2	1455289	988150	2	0	N/A	N/A
2025-09-13 08:21:31 UTC	UFA 2025	Pools	Winners Round 2	3926522	2117568	2	0	N/A	N/A
2025-09-13 08:21:12 UTC	UFA 2025	Pools	Winners Round 2	3302352	1000253	2	0	N/A	N/A
2025-09-13 08:20:51 UTC	UFA 2025	Pools	Winners Round 1	4513551	4549590	W (DQ/FF)	L (DQ/FF)	N/A	N/A
2025-09-13 08:20:49 UTC	UFA 2025	Pools	Winners Round 1	579598	152834	W (DQ/FF)	L (DQ/FF)	N/A	N/A
2025-09-13 08:20:45 UTC	UFA 2025	Pools	Winners Round 2	1340131	3487397	2	0	N/A	N/A
2025-09-13 08:20:32 UTC	UFA 2025	Pools	Losers Round 1	370763	650649	W (DQ/FF)	L (DQ/FF)	N/A	N/A
2025-09-13 08:20:12 UTC	UFA 2025	Pools	Winners Round 1	2488778	650649	W (DQ/FF)	L (DQ/FF)	N/A	N/A
2025-09-13 08:19:00 UTC	UFA 2025	Pools	Winners Round 1	3055366	862132	2	1	N/A	N/A
2025-09-13 08:18:39 UTC	UFA 2025	Pools	Winners Round 2	3114588	3137739	2	0	N/A	N/A
2025-09-13 08:18:25 UTC	UFA 2025	Pools	Winners Round 1	3445842	1566587	W (DQ/FF)	L (DQ/FF)	N/A	N/A
2025-09-13 08:17:42 UTC	UFA 2025	Pools	Winners Round 2	4295277	370763	2	0	N/A	N/A
2025-09-13 08:17:34 UTC	UFA 2025	Pools	Winners Round 1	4378493	2970094	2	0	N/A	N/A
2025-09-13 08:17:27 UTC	UFA 2025	Pools	Winners Round 1	4629137	2375655	2	0	N/A	N/A
2025-09-13 08:16:39 UTC	UFA 2025	Pools	Winners Round 1	1089603	678097	2	0	N/A	N/A
2025-09-13 08:16:07 UTC	UFA 2025	Pools	Winners Round 1	3615132	4845228	2	0	N/A	N/A
2025-09-13 08:15:57 UTC	UFA 2025	Pools	Winners Round 1	3640543	3615891	2	0	N/A	N/A
2025-09-13 08:15:40 UTC	UFA 2025	Pools	Winners Round 1	847992	2878905	2	0	N/A	N/A
2025-09-13 08:15:40 UTC	UFA 2025	Pools	Winners Round 1	2117568	4844095	2	1	N/A	N/A
2025-09-13 08:15:12 UTC	UFA 2025	Pools	Winners Round 1	1222237	2379598	W	L	N/A	N/A
2025-09-13 08:15:09 UTC	UFA 2025	Pools	Winners Round 1	1125543	3760301	2	0	N/A	N/A
2025-09-13 08:14:53 UTC	UFA 2025	Pools	Losers Round 1	4194563	337028	W (DQ/FF)	L (DQ/FF)	N/A	N/A
2025-09-13 08:14:40 UTC	UFA 2025	Pools	Winners Round 1	1856829	182430	2	0	N/A	N/A
2025-09-13 08:14:32 UTC	UFA 2025	Pools	Winners Round 1	3651381	4325308	2	0	N/A	N/A
2025-09-13 08:14:29 UTC	UFA 2025	Pools	Winners Round 1	2054867	3257091	2	0	N/A	N/A
2025-09-13 08:14:16 UTC	UFA 2025	Pools	Winners Round 1	1000253	864472	2	1	N/A	N/A
2025-09-13 08:13:58 UTC	UFA 2025	Pools	Winners Round 1	3302352	2138138	2	1	N/A	N/A
2025-09-13 08:13:40 UTC	UFA 2025	Pools	Winners Round 1	3487397	4194563	2	1	N/A	N/A
2025-09-13 08:13:18 UTC	UFA 2025	Pools	Winners Round 2	978721	1265696	W (DQ/FF)	L (DQ/FF)	N/A	N/A
2025-09-13 08:13:12 UTC	UFA 2025	Pools	Winners Round 1	978721	2125013	2	0	N/A	N/A
2025-09-13 08:12:34 UTC	UFA 2025	Pools	Winners Round 1	3137739	845607	2	0	N/A	N/A
2025-09-13 08:12:23 UTC	UFA 2025	Pools	Winners Round 1	370763	3565785	2	0	N/A	N/A
2025-09-13 08:11:32 UTC	UFA 2025	Pools	Winners Round 2	3417237	337028	W (DQ/FF)	L (DQ/FF)	N/A	N/A
2025-09-13 08:11:24 UTC	UFA 2025	Pools	Winners Round 1	3417237	3842357	2	0	N/A	N/A
2025-09-13 08:10:31 UTC	UFA 2025	Pools	Winners Round 1	988150	3914192	2	0	N/A	N/A
2025-09-13 08:07:38 UTC	UFA 2025	Pools	Winners Round 1	3589689	32894	W (DQ/FF)	L (DQ/FF)	N/A	N/A
